Datetime,Open,High,Low,Close,Volume,Dividends,Stock Splits
2019-12-18 17:00:00+01:00,2550.95,2550.95,2550.57,2550.57,0,0,0
2019-12-18 17:01:00+01:00,2550.62,2550.62,2550.51,2550.51,0,0,0
2019-12-18 17:02:00+01:00,2550.33,2550.33,2550.33,2550.33,0,0,0
2019-12-18 17:03:00+01:00,2550.44,2550.77,2550.44,2550.77,0,0,0
2019-12-18 17:04:00+01:00,2550.77,2550.77,2550.74,2550.74,0,0,0
2019-12-18 17:06:00+01:00,2550.03,2550.03,2550.03,2550.03,0,0,0
2019-12-18 17:07:00+01:00,2549.77,2549.77,2549.62,2549.62,0,0,0
2019-12-18 17:08:00+01:00,2549.41,2549.41,2549.41,2549.41,0,0,0
2019-12-18 17:09:00+01:00,2549.36,2549.36,2549.05,2549.05,0,0,0
2019-12-18 17:10:00+01:00,2549.65,2549.84,2549.65,2549.84,0,0,0
2019-12-18 17:11:00+01:00,2549.86,2549.86,2549.67,2549.67,0,0,0
2019-12-18 17:12:00+01:00,2549.72,2549.82,2549.72,2549.82,0,0,0
2019-12-18 17:13:00+01:00,2550.02,2550.21,2550.02,2550.21,0,0,0
2019-12-18 17:14:00+01:00,2550.19,2550.19,2550.19,2550.19,0,0,0
2019-12-18 17:15:00+01:00,2550.66,2550.82,2550.66,2550.82,0,0,0
2019-12-18 17:16:00+01:00,2551.04,2551.11,2551.04,2551.11,0,0,0
2019-12-18 17:17:00+01:00,2551.28,2551.6,2551.28,2551.6,0,0,0
2019-12-18 17:18:00+01:00,2551.46,2551.59,2551.46,2551.59,0,0,0
2019-12-18 17:19:00+01:00,2551.47,2551.47,2551.13,2551.13,0,0,0
2019-12-18 17:20:00+01:00,2551.3,2551.3,2551.19,2551.19,0,0,0
2019-12-18 17:21:00+01:00,2551.26,2551.26,2551.22,2551.22,0,0,0
2019-12-18 17:22:00+01:00,2551.4,2551.41,2551.4,2551.41,0,0,0
2019-12-18 17:23:00+01:00,2551.46,2551.86,2551.46,2551.86,0,0,0
2019-12-18 17:24:00+01:00,2552.06,2552.16,2552.06,2552.16,0,0,0
2019-12-18 17:25:00+01:00,2551.98,2552.09,2551.98,2552.09,0,0,0
2019-12-18 17:26:00+01:00,2552.2,2552.2,2551.92,2551.92,0,0,0
2019-12-18 17:27:00+01:00,2552.26,2552.26,2552.09,2552.09,0,0,0
2019-12-18 17:28:00+01:00,2551.86,2551.86,2551.57,2551.57,0,0,0
2019-12-18 17:29:00+01:00,2551.69,2551.69,2551.23,2551.23,0,0,0
2019-12-19 09:00:00+01:00,2554.23,2554.23,2553.8,2553.8,0,0,0
2019-12-19 09:01:00+01:00,2552.98,2553.96,2552.98,2553.96,0,0,0
2019-12-19 09:02:00+01:00,2553.65,2553.65,2553.65,2553.65,0,0,0
2019-12-19 09:03:00+01:00,2554.91,2556.58,2554.91,2556.58,0,0,0
2019-12-19 09:04:00+01:00,2556.05,2556.67,2556.05,2556.67,0,0,0
2019-12-19 09:05:00+01:00,2556.68,2556.68,2556.68,2556.68,0,0,0
2019-12-19 09:06:00+01:00,2556.44,2556.82,2556.44,2556.82,0,0,0
2019-12-19 09:07:00+01:00,2557.73,2557.73,2557.7,2557.7,0,0,0
2019-12-19 09:08:00+01:00,2557.48,2557.7,2557.48,2557.7,0,0,0
2019-12-19 09:09:00+01:00,2557.01,2557.01,2556.34,2556.34,0,0,0
2019-12-19 09:10:00+01:00,2555.46,2555.46,2554.92,2554.92,0,0,0
2019-12-19 09:11:00+01:00,2555.29,2555.84,2555.29,2555.84,0,0,0
2019-12-19 09:12:00+01:00,2555.55,2555.55,2555.29,2555.29,0,0,0
2019-12-19 09:13:00+01:00,2555.65,2556.0,2555.65,2556.0,0,0,0
2019-12-19 09:14:00+01:00,2555.74,2555.74,2555.61,2555.61,0,0,0
2019-12-19 09:15:00+01:00,2557.14,2557.14,2557.14,2557.14,0,0,0
2019-12-19 09:16:00+01:00,2556.99,2556.99,2555.17,2555.17,0,0,0
2019-12-19 09:17:00+01:00,2555.67,2555.67,2554.63,2554.63,0,0,0
2019-12-19 09:18:00+01:00,2555.38,2555.38,2554.5,2554.5,0,0,0
2019-12-19 09:19:00+01:00,2554.49,2554.49,2553.79,2553.79,0,0,0
2019-12-19 09:20:00+01:00,2554.31,2554.32,2554.31,2554.32,0,0,0
2019-12-19 09:21:00+01:00,2554.26,2554.36,2554.26,2554.36,0,0,0
2019-12-19 09:22:00+01:00,2553.73,2554.1,2553.73,2554.1,0,0,0
2019-12-19 09:23:00+01:00,2554.09,2554.09,2553.87,2553.87,0,0,0
2019-12-19 09:24:00+01:00,2554.49,2554.49,2554.35,2554.35,0,0,0
2019-12-19 09:25:00+01:00,2554.22,2554.22,2553.66,2553.66,0,0,0
2019-12-19 09:26:00+01:00,2553.6,2553.6,2553.13,2553.13,0,0,0
2019-12-19 09:27:00+01:00,2553.58,2553.58,2553.52,2553.52,0,0,0
2019-12-19 09:28:00+01:00,2552.88,2553.17,2552.88,2553.17,0,0,0
2019-12-19 09:29:00+01:00,2552.63,2552.63,2551.19,2551.19,0,0,0
2019-12-19 09:30:00+01:00,2551.2,2551.2,2549.21,2549.21,0,0,0
2019-12-19 09:31:00+01:00,2549.08,2549.75,2549.08,2549.75,0,0,0
2019-12-19 09:32:00+01:00,2549.7,2549.7,2549.26,2549.26,0,0,0
2019-12-19 09:33:00+01:00,2549.81,2550.23,2549.81,2550.23,0,0,0
2019-12-19 09:34:00+01:00,2549.18,2549.18,2548.47,2548.47,0,0,0
2019-12-19 09:35:00+01:00,2548.3,2548.3,2548.11,2548.11,0,0,0
2019-12-19 09:36:00+01:00,2548.01,2548.07,2548.01,2548.07,0,0,0
2019-12-19 09:37:00+01:00,2547.54,2547.54,2546.89,2546.89,0,0,0
2019-12-19 09:38:00+01:00,2546.86,2547.01,2546.86,2547.01,0,0,0
2019-12-19 09:39:00+01:00,2546.45,2546.45,2545.97,2545.97,0,0,0
2019-12-19 09:40:00+01:00,2546.31,2546.31,2546.31,2546.31,0,0,0
2019-12-19 09:41:00+01:00,2544.91,2544.91,2544.41,2544.41,0,0,0
2019-12-19 09:42:00+01:00,2544.04,2544.28,2544.04,2544.28,0,0,0
2019-12-19 09:43:00+01:00,2543.7,2544.03,2543.7,2544.03,0,0,0
2019-12-19 09:44:00+01:00,2543.59,2543.59,2543.4,2543.4,0,0,0
2019-12-19 09:45:00+01:00,2541.76,2542.85,2541.76,2542.85,0,0,0
2019-12-19 09:46:00+01:00,2542.35,2542.35,2542.35,2542.35,0,0,0
2019-12-19 09:47:00+01:00,2542.25,2542.4,2542.25,2542.4,0,0,0
2019-12-19 09:48:00+01:00,2541.73,2541.73,2541.65,2541.65,0,0,0
2019-12-19 09:49:00+01:00,2541.95,2542.82,2541.95,2542.82,0,0,0
2019-12-19 09:50:00+01:00,2542.97,2542.97,2542.91,2542.91,0,0,0
2019-12-19 09:51:00+01:00,2543.25,2543.43,2543.25,2543.43,0,0,0
2019-12-19 09:52:00+01:00,2543.83,2544.09,2543.83,2544.09,0,0,0
2019-12-19 09:53:00+01:00,2544.56,2544.86,2544.56,2544.86,0,0,0
2019-12-19 09:54:00+01:00,2545.57,2546.3,2545.57,2546.3,0,0,0
2019-12-19 09:55:00+01:00,2548.26,2548.26,2548.12,2548.12,0,0,0
2019-12-19 09:56:00+01:00,2548.66,2548.66,2547.47,2547.47,0,0,0
2019-12-19 09:57:00+01:00,2547.6,2547.6,2547.42,2547.42,0,0,0
2019-12-19 09:58:00+01:00,2547.36,2547.36,2547.1,2547.1,0,0,0
2019-12-19 09:59:00+01:00,2547.35,2547.38,2547.35,2547.38,0,0,0
2019-12-19 10:00:00+01:00,2547.76,2547.9,2547.76,2547.9,0,0,0
2019-12-19 10:01:00+01:00,2549.2,2549.2,2548.83,2548.83,0,0,0
2019-12-19 10:02:00+01:00,2548.77,2548.77,2548.75,2548.75,0,0,0
2019-12-19 10:03:00+01:00,2548.42,2548.42,2547.61,2547.61,0,0,0
2019-12-19 10:04:00+01:00,2547.79,2547.79,2547.66,2547.66,0,0,0
2019-12-19 10:05:00+01:00,2547.89,2547.89,2547.8,2547.8,0,0,0
2019-12-19 10:06:00+01:00,2547.95,2548.4,2547.95,2548.4,0,0,0
2019-12-19 10:07:00+01:00,2548.76,2548.76,2548.75,2548.75,0,0,0
2019-12-19 10:08:00+01:00,2549.67,2550.27,2549.67,2550.27,0,0,0
2019-12-19 10:09:00+01:00,2550.6,2550.98,2550.6,2550.98,0,0,0
2019-12-19 10:10:00+01:00,2550.67,2550.67,2550.67,2550.67,0,0,0
2019-12-19 10:11:00+01:00,2550.33,2550.33,2550.03,2550.03,0,0,0
2019-12-19 10:12:00+01:00,2549.82,2549.95,2549.82,2549.95,0,0,0
2019-12-19 10:13:00+01:00,2549.85,2549.85,2549.21,2549.21,0,0,0
2019-12-19 10:14:00+01:00,2548.54,2548.54,2548.21,2548.21,0,0,0
2019-12-19 10:15:00+01:00,2548.16,2548.3,2548.16,2548.3,0,0,0
2019-12-19 10:16:00+01:00,2547.21,2547.21,2546.46,2546.46,0,0,0
2019-12-19 10:17:00+01:00,2546.16,2546.29,2546.16,2546.29,0,0,0
2019-12-19 10:18:00+01:00,2546.19,2546.31,2546.19,2546.31,0,0,0
2019-12-19 10:19:00+01:00,2546.31,2546.85,2546.31,2546.85,0,0,0
2019-12-19 10:20:00+01:00,2547.02,2547.35,2547.02,2547.35,0,0,0
2019-12-19 10:21:00+01:00,2547.35,2547.35,2547.04,2547.04,0,0,0
2019-12-19 10:22:00+01:00,2546.76,2546.8,2546.76,2546.8,0,0,0
2019-12-19 10:23:00+01:00,2546.95,2547.34,2546.95,2547.34,0,0,0
2019-12-19 10:24:00+01:00,2547.52,2547.52,2546.87,2546.87,0,0,0
2019-12-19 10:25:00+01:00,2546.98,2547.07,2546.98,2547.07,0,0,0
2019-12-19 10:26:00+01:00,2547.03,2547.03,2547.01,2547.01,0,0,0
2019-12-19 10:27:00+01:00,2547.08,2547.18,2547.08,2547.18,0,0,0
2019-12-19 10:28:00+01:00,2546.92,2546.95,2546.92,2546.95,0,0,0
2019-12-19 10:29:00+01:00,2547.21,2547.58,2547.21,2547.58,0,0,0
2019-12-19 10:30:00+01:00,2547.52,2547.52,2547.49,2547.49,0,0,0
2019-12-19 10:31:00+01:00,2547.31,2547.77,2547.31,2547.77,0,0,0
2019-12-19 10:32:00+01:00,2548.57,2549.72,2548.57,2549.72,0,0,0
2019-12-19 10:33:00+01:00,2549.76,2549.76,2549.57,2549.57,0,0,0
2019-12-19 10:34:00+01:00,2548.71,2548.9,2548.71,2548.9,0,0,0
2019-12-19 10:35:00+01:00,2548.5,2548.5,2548.22,2548.22,0,0,0
2019-12-19 10:36:00+01:00,2547.46,2547.46,2547.37,2547.37,0,0,0
2019-12-19 10:37:00+01:00,2547.55,2547.55,2547.51,2547.51,0,0,0
2019-12-19 10:38:00+01:00,2547.69,2547.69,2547.65,2547.65,0,0,0
2019-12-19 10:39:00+01:00,2547.71,2547.71,2547.32,2547.32,0,0,0
2019-12-19 10:40:00+01:00,2547.1,2547.1,2547.06,2547.06,0,0,0
2019-12-19 10:41:00+01:00,2546.76,2546.91,2546.76,2546.91,0,0,0
2019-12-19 10:42:00+01:00,2547.49,2548.66,2547.49,2548.66,0,0,0
2019-12-19 10:43:00+01:00,2548.55,2548.55,2548.0,2548.0,0,0,0
2019-12-19 10:44:00+01:00,2547.91,2547.91,2547.43,2547.43,0,0,0
2019-12-19 10:45:00+01:00,2546.86,2546.86,2546.84,2546.84,0,0,0
2019-12-19 10:46:00+01:00,2547.14,2547.14,2546.41,2546.41,0,0,0
2019-12-19 10:47:00+01:00,2546.25,2546.25,2545.26,2545.26,0,0,0
2019-12-19 10:48:00+01:00,2545.07,2545.07,2544.98,2544.98,0,0,0
2019-12-19 10:49:00+01:00,2544.72,2544.72,2544.68,2544.68,0,0,0
2019-12-19 10:50:00+01:00,2544.9,2544.9,2544.81,2544.81,0,0,0
2019-12-19 10:51:00+01:00,2544.66,2544.82,2544.66,2544.82,0,0,0
2019-12-19 10:52:00+01:00,2545.01,2545.07,2545.01,2545.07,0,0,0
2019-12-19 10:53:00+01:00,2544.84,2544.84,2544.5,2544.5,0,0,0
2019-12-19 10:54:00+01:00,2544.51,2544.51,2544.3,2544.3,0,0,0
2019-12-19 10:55:00+01:00,2544.16,2544.16,2543.84,2543.84,0,0,0
2019-12-19 10:56:00+01:00,2544.4,2544.4,2544.24,2544.24,0,0,0
2019-12-19 10:57:00+01:00,2544.58,2544.58,2544.39,2544.39,0,0,0
2019-12-19 10:58:00+01:00,2544.43,2544.67,2544.43,2544.67,0,0,0
2019-12-19 10:59:00+01:00,2544.58,2544.58,2544.34,2544.34,0,0,0
2019-12-19 11:00:00+01:00,2544.57,2544.57,2544.41,2544.41,0,0,0
2019-12-19 11:01:00+01:00,2544.15,2544.15,2543.93,2543.93,0,0,0
2019-12-19 11:02:00+01:00,2544.11,2544.18,2544.11,2544.18,0,0,0
2019-12-19 11:03:00+01:00,2544.17,2544.17,2544.14,2544.14,0,0,0
2019-12-19 11:04:00+01:00,2544.1,2544.17,2544.1,2544.17,0,0,0
2019-12-19 11:05:00+01:00,2544.16,2544.16,2543.74,2543.74,0,0,0
2019-12-19 11:06:00+01:00,2544.08,2544.08,2543.31,2543.31,0,0,0
2019-12-19 11:07:00+01:00,2542.75,2542.75,2542.1,2542.1,0,0,0
2019-12-19 11:08:00+01:00,2542.11,2542.11,2541.98,2541.98,0,0,0
2019-12-19 11:09:00+01:00,2541.7,2541.98,2541.7,2541.98,0,0,0
2019-12-19 11:10:00+01:00,2541.92,2541.92,2541.09,2541.09,0,0,0
2019-12-19 11:11:00+01:00,2541.46,2541.98,2541.46,2541.98,0,0,0
2019-12-19 11:12:00+01:00,2542.12,2542.73,2542.12,2542.73,0,0,0
2019-12-19 11:13:00+01:00,2542.67,2542.78,2542.67,2542.78,0,0,0
2019-12-19 11:14:00+01:00,2542.49,2542.52,2542.49,2542.52,0,0,0
2019-12-19 11:15:00+01:00,2542.6,2543.0,2542.6,2543.0,0,0,0
2019-12-19 11:16:00+01:00,2543.05,2543.08,2543.05,2543.08,0,0,0
2019-12-19 11:17:00+01:00,2542.97,2542.97,2542.66,2542.66,0,0,0
2019-12-19 11:18:00+01:00,2542.52,2542.64,2542.52,2542.64,0,0,0
2019-12-19 11:19:00+01:00,2542.87,2543.0,2542.87,2543.0,0,0,0
2019-12-19 11:20:00+01:00,2543.16,2543.16,2542.85,2542.85,0,0,0
2019-12-19 11:21:00+01:00,2542.29,2542.75,2542.29,2542.75,0,0,0
2019-12-19 11:22:00+01:00,2542.93,2543.24,2542.93,2543.24,0,0,0
2019-12-19 11:23:00+01:00,2543.31,2543.31,2543.03,2543.03,0,0,0
2019-12-19 11:24:00+01:00,2543.29,2543.29,2542.95,2542.95,0,0,0
2019-12-19 11:25:00+01:00,2543.18,2543.3,2543.18,2543.22,0,0,0
2019-12-19 11:26:00+01:00,2542.91,2543.07,2542.91,2543.07,0,0,0
2019-12-19 11:27:00+01:00,2543.31,2543.31,2542.92,2542.92,0,0,0
2019-12-19 11:28:00+01:00,2542.38,2542.38,2541.68,2541.68,0,0,0
2019-12-19 11:29:00+01:00,2541.67,2541.67,2541.64,2541.64,0,0,0
2019-12-19 11:30:00+01:00,2541.62,2541.81,2541.62,2541.81,0,0,0
2019-12-19 11:31:00+01:00,2541.9,2541.9,2541.75,2541.75,0,0,0
2019-12-19 11:32:00+01:00,2541.88,2542.58,2541.88,2542.58,0,0,0
2019-12-19 11:33:00+01:00,2542.54,2542.72,2542.54,2542.72,0,0,0
2019-12-19 11:34:00+01:00,2542.78,2542.78,2542.6,2542.6,0,0,0
2019-12-19 11:35:00+01:00,2542.84,2543.02,2542.84,2543.02,0,0,0
2019-12-19 11:36:00+01:00,2543.83,2543.96,2543.83,2543.96,0,0,0
2019-12-19 11:37:00+01:00,2543.77,2543.77,2543.59,2543.59,0,0,0
2019-12-19 11:38:00+01:00,2543.13,2543.19,2543.13,2543.19,0,0,0
2019-12-19 11:39:00+01:00,2542.99,2542.99,2542.75,2542.75,0,0,0
2019-12-19 11:40:00+01:00,2542.93,2542.93,2542.77,2542.77,0,0,0
2019-12-19 11:41:00+01:00,2542.84,2542.91,2542.84,2542.91,0,0,0
2019-12-19 11:42:00+01:00,2542.8,2542.96,2542.8,2542.96,0,0,0
2019-12-19 11:43:00+01:00,2542.95,2542.95,2542.68,2542.68,0,0,0
2019-12-19 11:44:00+01:00,2542.9,2542.9,2542.87,2542.87,0,0,0
2019-12-19 11:45:00+01:00,2543.25,2543.31,2543.25,2543.31,0,0,0
2019-12-19 11:46:00+01:00,2543.46,2543.46,2543.44,2543.44,0,0,0
2019-12-19 11:47:00+01:00,2543.37,2543.4,2543.37,2543.4,0,0,0
2019-12-19 11:48:00+01:00,2543.26,2543.56,2543.26,2543.56,0,0,0
2019-12-19 11:49:00+01:00,2543.93,2543.93,2543.81,2543.85,0,0,0
2019-12-19 11:50:00+01:00,2543.29,2543.29,2543.02,2543.02,0,0,0
2019-12-19 11:51:00+01:00,2542.83,2542.83,2542.78,2542.78,0,0,0
2019-12-19 11:52:00+01:00,2542.05,2542.05,2541.69,2541.69,0,0,0
2019-12-19 11:53:00+01:00,2541.41,2541.41,2541.36,2541.36,0,0,0
2019-12-19 11:54:00+01:00,2541.11,2541.21,2541.11,2541.21,0,0,0
2019-12-19 11:55:00+01:00,2540.99,2540.99,2540.89,2540.89,0,0,0
2019-12-19 11:56:00+01:00,2541.07,2541.07,2540.92,2540.92,0,0,0
2019-12-19 11:57:00+01:00,2540.61,2540.85,2540.61,2540.85,0,0,0
2019-12-19 11:58:00+01:00,2540.62,2540.62,2540.6,2540.6,0,0,0
2019-12-19 11:59:00+01:00,2540.47,2540.47,2540.47,2540.47,0,0,0
2019-12-19 12:00:00+01:00,2540.54,2540.82,2540.54,2540.82,0,0,0
2019-12-19 12:01:00+01:00,2540.7,2540.82,2540.63,2540.63,0,0,0
2019-12-19 12:02:00+01:00,2540.54,2540.54,2540.4,2540.4,0,0,0
2019-12-19 12:03:00+01:00,2540.16,2540.73,2540.16,2540.73,0,0,0
2019-12-19 12:04:00+01:00,2540.82,2540.82,2540.64,2540.64,0,0,0
2019-12-19 12:05:00+01:00,2540.91,2541.08,2540.91,2541.08,0,0,0
2019-12-19 12:06:00+01:00,2540.97,2541.03,2540.97,2541.03,0,0,0
2019-12-19 12:07:00+01:00,2541.18,2541.53,2541.18,2541.53,0,0,0
2019-12-19 12:08:00+01:00,2541.67,2541.67,2541.47,2541.47,0,0,0
2019-12-19 12:09:00+01:00,2541.62,2541.68,2541.62,2541.68,0,0,0
2019-12-19 12:10:00+01:00,2541.5,2541.5,2541.43,2541.43,0,0,0
2019-12-19 12:11:00+01:00,2541.57,2542.11,2541.57,2542.11,0,0,0
2019-12-19 12:12:00+01:00,2542.21,2542.21,2542.21,2542.21,0,0,0
2019-12-19 12:13:00+01:00,2542.42,2542.58,2542.42,2542.58,0,0,0
2019-12-19 12:14:00+01:00,2542.52,2542.52,2542.37,2542.37,0,0,0
2019-12-19 12:15:00+01:00,2542.38,2542.48,2542.38,2542.48,0,0,0
2019-12-19 12:16:00+01:00,2542.38,2542.58,2542.38,2542.58,0,0,0
2019-12-19 12:17:00+01:00,2542.28,2542.42,2542.28,2542.42,0,0,0
2019-12-19 12:18:00+01:00,2542.62,2542.62,2542.45,2542.45,0,0,0
2019-12-19 12:19:00+01:00,2542.54,2542.54,2542.53,2542.53,0,0,0
2019-12-19 12:20:00+01:00,2541.97,2541.97,2541.36,2541.36,0,0,0
2019-12-19 12:21:00+01:00,2540.55,2540.55,2540.34,2540.34,0,0,0
2019-12-19 12:22:00+01:00,2540.17,2540.17,2540.07,2540.07,0,0,0
2019-12-19 12:23:00+01:00,2539.92,2539.92,2539.9,2539.9,0,0,0
2019-12-19 12:24:00+01:00,2540.05,2540.23,2540.05,2540.23,0,0,0
2019-12-19 12:25:00+01:00,2540.25,2540.25,2540.22,2540.22,0,0,0
2019-12-19 12:26:00+01:00,2539.97,2540.12,2539.97,2540.12,0,0,0
2019-12-19 12:27:00+01:00,2540.39,2540.39,2540.26,2540.26,0,0,0
2019-12-19 12:28:00+01:00,2540.07,2540.78,2540.07,2540.78,0,0,0
2019-12-19 12:29:00+01:00,2541.04,2541.14,2541.04,2541.14,0,0,0
2019-12-19 12:30:00+01:00,2540.97,2541.01,2540.97,2541.01,0,0,0
2019-12-19 12:31:00+01:00,2540.88,2540.91,2540.88,2540.91,0,0,0
2019-12-19 12:32:00+01:00,2540.7,2540.74,2540.7,2540.74,0,0,0
2019-12-19 12:33:00+01:00,2540.74,2541.08,2540.74,2541.08,0,0,0
2019-12-19 12:34:00+01:00,2541.16,2541.16,2541.12,2541.12,0,0,0
2019-12-19 12:35:00+01:00,2541.19,2541.19,2541.12,2541.12,0,0,0
2019-12-19 12:36:00+01:00,2540.73,2540.96,2540.73,2540.96,0,0,0
2019-12-19 12:37:00+01:00,2541.05,2541.05,2540.8,2540.8,0,0,0
2019-12-19 12:38:00+01:00,2540.65,2540.67,2540.65,2540.67,0,0,0
2019-12-19 12:39:00+01:00,2540.5,2540.68,2540.5,2540.6,0,0,0
2019-12-19 12:40:00+01:00,2540.56,2540.56,2540.34,2540.34,0,0,0
2019-12-19 12:41:00+01:00,2540.25,2540.25,2539.99,2539.99,0,0,0
2019-12-19 12:42:00+01:00,2539.92,2540.27,2539.92,2540.27,0,0,0
2019-12-19 12:43:00+01:00,2540.4,2540.4,2540.04,2540.04,0,0,0
2019-12-19 12:44:00+01:00,2539.76,2539.76,2539.74,2539.74,0,0,0
2019-12-19 12:45:00+01:00,2539.82,2539.85,2539.82,2539.85,0,0,0
2019-12-19 12:46:00+01:00,2540.09,2540.2,2540.09,2540.2,0,0,0
2019-12-19 12:47:00+01:00,2539.89,2539.89,2539.84,2539.84,0,0,0
2019-12-19 12:48:00+01:00,2539.69,2539.79,2539.69,2539.79,0,0,0
2019-12-19 12:49:00+01:00,2539.26,2539.26,2539.0,2539.0,0,0,0
2019-12-19 12:50:00+01:00,2538.85,2539.02,2538.85,2539.02,0,0,0
2019-12-19 12:51:00+01:00,2539.19,2539.37,2539.19,2539.37,0,0,0
2019-12-19 12:52:00+01:00,2539.34,2539.47,2539.34,2539.47,0,0,0
2019-12-19 12:53:00+01:00,2539.45,2539.5,2539.45,2539.5,0,0,0
2019-12-19 12:54:00+01:00,2539.92,2539.92,2539.84,2539.92,0,0,0
2019-12-19 12:55:00+01:00,2539.98,2540.23,2539.97,2540.23,0,0,0
2019-12-19 12:56:00+01:00,2540.02,2540.02,2539.86,2539.86,0,0,0
2019-12-19 12:57:00+01:00,2540.11,2540.12,2540.11,2540.12,0,0,0
2019-12-19 12:58:00+01:00,2540.29,2540.37,2540.29,2540.37,0,0,0
2019-12-19 12:59:00+01:00,2540.2,2540.2,2539.94,2539.94,0,0,0
2019-12-19 13:00:00+01:00,2538.19,2538.54,2538.19,2538.54,0,0,0
2019-12-19 13:01:00+01:00,2538.26,2538.56,2538.26,2538.56,0,0,0
2019-12-19 13:02:00+01:00,2538.34,2538.42,2538.34,2538.42,0,0,0
2019-12-19 13:03:00+01:00,2539.48,2539.48,2539.46,2539.46,0,0,0
2019-12-19 13:04:00+01:00,2539.94,2540.27,2539.94,2540.27,0,0,0
2019-12-19 13:05:00+01:00,2540.16,2540.16,2539.93,2539.93,0,0,0
2019-12-19 13:06:00+01:00,2539.74,2539.78,2539.74,2539.78,0,0,0
2019-12-19 13:07:00+01:00,2539.77,2539.77,2539.66,2539.66,0,0,0
2019-12-19 13:08:00+01:00,2539.27,2539.79,2539.27,2539.79,0,0,0
2019-12-19 13:09:00+01:00,2539.95,2539.95,2539.94,2539.94,0,0,0
2019-12-19 13:10:00+01:00,2539.85,2539.85,2539.7,2539.7,0,0,0
2019-12-19 13:11:00+01:00,2539.24,2539.24,2539.12,2539.12,0,0,0
2019-12-19 13:12:00+01:00,2538.8,2538.8,2538.27,2538.27,0,0,0
2019-12-19 13:13:00+01:00,2538.12,2538.12,2537.86,2538.09,0,0,0
2019-12-19 13:14:00+01:00,2538.02,2538.05,2538.02,2538.05,0,0,0
2019-12-19 13:15:00+01:00,2538.43,2538.43,2538.39,2538.39,0,0,0
2019-12-19 13:16:00+01:00,2538.61,2538.71,2538.61,2538.71,0,0,0
2019-12-19 13:17:00+01:00,2538.93,2539.47,2538.93,2539.47,0,0,0
2019-12-19 13:18:00+01:00,2539.45,2539.45,2539.29,2539.29,0,0,0
2019-12-19 13:19:00+01:00,2538.92,2538.94,2538.92,2538.94,0,0,0
2019-12-19 13:20:00+01:00,2538.93,2539.44,2538.93,2539.44,0,0,0
2019-12-19 13:21:00+01:00,2539.47,2539.65,2539.47,2539.65,0,0,0
2019-12-19 13:22:00+01:00,2539.5,2539.51,2539.5,2539.51,0,0,0
2019-12-19 13:23:00+01:00,2539.37,2539.37,2539.13,2539.13,0,0,0
2019-12-19 13:24:00+01:00,2538.61,2539.06,2538.61,2539.06,0,0,0
2019-12-19 13:25:00+01:00,2539.23,2539.23,2539.14,2539.14,0,0,0
2019-12-19 13:26:00+01:00,2539.19,2539.19,2538.94,2538.94,0,0,0
2019-12-19 13:27:00+01:00,2538.95,2538.95,2538.89,2538.89,0,0,0
2019-12-19 13:28:00+01:00,2538.8,2538.93,2538.8,2538.93,0,0,0
2019-12-19 13:29:00+01:00,2538.57,2538.57,2538.48,2538.48,0,0,0
2019-12-19 13:30:00+01:00,2538.1,2538.24,2538.1,2538.24,0,0,0
2019-12-19 13:31:00+01:00,2538.25,2538.25,2537.36,2537.36,0,0,0
2019-12-19 13:32:00+01:00,2537.25,2537.26,2537.25,2537.26,0,0,0
2019-12-19 13:33:00+01:00,2537.04,2537.04,2536.96,2536.96,0,0,0
2019-12-19 13:34:00+01:00,2536.67,2536.67,2535.67,2535.67,0,0,0
2019-12-19 13:35:00+01:00,2535.64,2535.64,2535.35,2535.35,0,0,0
2019-12-19 13:36:00+01:00,2535.57,2535.59,2535.57,2535.59,0,0,0
2019-12-19 13:37:00+01:00,2535.45,2535.45,2534.9,2534.9,0,0,0
2019-12-19 13:38:00+01:00,2534.77,2534.77,2534.07,2534.07,0,0,0
2019-12-19 13:39:00+01:00,2534.23,2534.31,2534.23,2534.31,0,0,0
2019-12-19 13:40:00+01:00,2534.29,2534.59,2534.29,2534.59,0,0,0
2019-12-19 13:41:00+01:00,2534.6,2534.71,2534.6,2534.71,0,0,0
2019-12-19 13:42:00+01:00,2535.24,2535.24,2535.03,2535.03,0,0,0
2019-12-19 13:43:00+01:00,2535.05,2535.43,2535.05,2535.43,0,0,0
2019-12-19 13:44:00+01:00,2535.62,2535.62,2535.51,2535.51,0,0,0
2019-12-19 13:45:00+01:00,2535.49,2535.86,2535.49,2535.86,0,0,0
2019-12-19 13:46:00+01:00,2536.0,2536.12,2536.0,2536.12,0,0,0
2019-12-19 13:47:00+01:00,2535.75,2535.75,2535.33,2535.33,0,0,0
2019-12-19 13:48:00+01:00,2535.3,2535.3,2535.01,2535.01,0,0,0
2019-12-19 13:49:00+01:00,2534.92,2535.22,2534.92,2535.22,0,0,0
2019-12-19 13:50:00+01:00,2535.29,2535.94,2535.29,2535.94,0,0,0
2019-12-19 13:51:00+01:00,2535.57,2535.6,2535.57,2535.6,0,0,0
2019-12-19 13:52:00+01:00,2535.72,2535.91,2535.72,2535.91,0,0,0
2019-12-19 13:53:00+01:00,2535.64,2535.64,2535.16,2535.16,0,0,0
2019-12-19 13:54:00+01:00,2535.27,2535.27,2535.24,2535.24,0,0,0
2019-12-19 13:55:00+01:00,2534.98,2534.98,2534.9,2534.9,0,0,0
2019-12-19 13:56:00+01:00,2534.58,2534.58,2533.75,2533.75,0,0,0
2019-12-19 13:57:00+01:00,2533.74,2533.74,2533.74,2533.74,0,0,0
2019-12-19 13:58:00+01:00,2533.43,2533.58,2533.43,2533.58,0,0,0
2019-12-19 13:59:00+01:00,2533.77,2533.81,2533.77,2533.81,0,0,0
2019-12-19 14:00:00+01:00,2533.49,2533.96,2533.49,2533.96,0,0,0
2019-12-19 14:01:00+01:00,2533.92,2533.99,2533.92,2533.99,0,0,0
2019-12-19 14:02:00+01:00,2533.75,2533.82,2533.75,2533.82,0,0,0
2019-12-19 14:03:00+01:00,2533.83,2534.51,2533.83,2534.51,0,0,0
2019-12-19 14:04:00+01:00,2534.6,2534.87,2534.6,2534.87,0,0,0
2019-12-19 14:05:00+01:00,2535.12,2535.2,2535.12,2535.2,0,0,0
2019-12-19 14:06:00+01:00,2535.12,2535.12,2534.97,2534.97,0,0,0
2019-12-19 14:07:00+01:00,2534.91,2535.12,2534.91,2535.12,0,0,0
2019-12-19 14:08:00+01:00,2534.55,2534.55,2534.36,2534.36,0,0,0
2019-12-19 14:09:00+01:00,2534.69,2534.69,2534.6,2534.6,0,0,0
2019-12-19 14:10:00+01:00,2535.08,2535.08,2534.59,2534.59,0,0,0
2019-12-19 14:11:00+01:00,2534.49,2534.59,2534.49,2534.59,0,0,0
2019-12-19 14:12:00+01:00,2534.66,2534.66,2534.62,2534.62,0,0,0
2019-12-19 14:13:00+01:00,2534.31,2534.46,2534.31,2534.46,0,0,0
2019-12-19 14:14:00+01:00,2534.18,2534.18,2533.93,2533.93,0,0,0
2019-12-19 14:15:00+01:00,2533.7,2534.01,2533.7,2534.01,0,0,0
2019-12-19 14:16:00+01:00,2533.43,2533.82,2533.43,2533.82,0,0,0
2019-12-19 14:17:00+01:00,2533.83,2534.21,2533.83,2534.21,0,0,0
2019-12-19 14:18:00+01:00,2534.11,2534.11,2533.44,2533.44,0,0,0
2019-12-19 14:19:00+01:00,2533.83,2533.83,2533.6,2533.6,0,0,0
2019-12-19 14:20:00+01:00,2533.41,2533.48,2533.41,2533.48,0,0,0
2019-12-19 14:21:00+01:00,2533.64,2533.64,2533.32,2533.32,0,0,0
2019-12-19 14:22:00+01:00,2532.84,2532.84,2532.84,2532.84,0,0,0
2019-12-19 14:23:00+01:00,2533.01,2533.3,2533.01,2533.3,0,0,0
2019-12-19 14:24:00+01:00,2533.64,2533.64,2533.0,2533.0,0,0,0
2019-12-19 14:25:00+01:00,2533.56,2533.64,2533.56,2533.64,0,0,0
2019-12-19 14:26:00+01:00,2533.61,2533.61,2533.55,2533.55,0,0,0
2019-12-19 14:27:00+01:00,2533.72,2533.73,2533.72,2533.73,0,0,0
2019-12-19 14:28:00+01:00,2533.67,2533.84,2533.67,2533.84,0,0,0
2019-12-19 14:29:00+01:00,2533.9,2534.14,2533.9,2534.14,0,0,0
2019-12-19 14:30:00+01:00,2534.35,2534.89,2534.35,2534.89,0,0,0
2019-12-19 14:31:00+01:00,2535.0,2535.0,2534.22,2534.22,0,0,0
2019-12-19 14:32:00+01:00,2533.99,2534.03,2533.99,2534.03,0,0,0
2019-12-19 14:33:00+01:00,2533.96,2534.16,2533.96,2534.16,0,0,0
2019-12-19 14:34:00+01:00,2533.88,2533.88,2533.61,2533.61,0,0,0
2019-12-19 14:35:00+01:00,2533.36,2533.36,2533.27,2533.27,0,0,0
2019-12-19 14:36:00+01:00,2533.09,2533.09,2532.79,2532.79,0,0,0
2019-12-19 14:37:00+01:00,2532.66,2532.66,2532.1,2532.1,0,0,0
2019-12-19 14:38:00+01:00,2532.0,2532.0,2531.93,2531.93,0,0,0
2019-12-19 14:39:00+01:00,2531.68,2531.68,2531.67,2531.67,0,0,0
2019-12-19 14:40:00+01:00,2531.81,2531.96,2531.81,2531.96,0,0,0
2019-12-19 14:41:00+01:00,2532.3,2532.3,2532.16,2532.16,0,0,0
2019-12-19 14:42:00+01:00,2532.28,2532.7,2532.28,2532.7,0,0,0
2019-12-19 14:43:00+01:00,2532.91,2532.91,2532.69,2532.69,0,0,0
2019-12-19 14:44:00+01:00,2533.32,2533.43,2533.32,2533.43,0,0,0
2019-12-19 14:45:00+01:00,2533.38,2533.38,2533.28,2533.28,0,0,0
2019-12-19 14:46:00+01:00,2533.16,2533.27,2533.16,2533.27,0,0,0
2019-12-19 14:47:00+01:00,2533.35,2533.35,2533.25,2533.25,0,0,0
2019-12-19 14:48:00+01:00,2533.16,2533.39,2533.16,2533.39,0,0,0
2019-12-19 14:49:00+01:00,2533.75,2533.89,2533.75,2533.89,0,0,0
2019-12-19 14:50:00+01:00,2533.99,2533.99,2533.99,2533.99,0,0,0
2019-12-19 14:51:00+01:00,2534.17,2534.63,2534.17,2534.63,0,0,0
2019-12-19 14:52:00+01:00,2534.52,2534.65,2534.52,2534.65,0,0,0
2019-12-19 14:53:00+01:00,2534.85,2534.85,2534.75,2534.75,0,0,0
2019-12-19 14:54:00+01:00,2535.34,2535.34,2535.34,2535.34,0,0,0
2019-12-19 14:55:00+01:00,2535.57,2535.57,2535.56,2535.56,0,0,0
2019-12-19 14:56:00+01:00,2535.29,2535.29,2535.27,2535.27,0,0,0
2019-12-19 14:57:00+01:00,2535.1,2535.1,2535.09,2535.09,0,0,0
2019-12-19 14:58:00+01:00,2535.37,2535.55,2535.37,2535.55,0,0,0
2019-12-19 14:59:00+01:00,2535.58,2535.65,2535.58,2535.65,0,0,0
2019-12-19 15:00:00+01:00,2535.6,2535.6,2535.42,2535.42,0,0,0
2019-12-19 15:01:00+01:00,2535.71,2535.71,2535.57,2535.57,0,0,0
2019-12-19 15:02:00+01:00,2535.97,2535.97,2535.91,2535.91,0,0,0
2019-12-19 15:03:00+01:00,2536.13,2536.25,2536.13,2536.25,0,0,0
2019-12-19 15:04:00+01:00,2536.26,2536.26,2536.18,2536.18,0,0,0
2019-12-19 15:05:00+01:00,2536.34,2536.34,2536.26,2536.26,0,0,0
2019-12-19 15:06:00+01:00,2536.67,2537.0,2536.67,2537.0,0,0,0
2019-12-19 15:07:00+01:00,2536.97,2536.99,2536.97,2536.99,0,0,0
2019-12-19 15:08:00+01:00,2537.01,2537.07,2537.01,2537.07,0,0,0
2019-12-19 15:09:00+01:00,2537.61,2537.61,2537.61,2537.61,0,0,0
2019-12-19 15:10:00+01:00,2537.15,2537.3,2537.15,2537.3,0,0,0
2019-12-19 15:11:00+01:00,2537.29,2537.3,2537.29,2537.3,0,0,0
2019-12-19 15:12:00+01:00,2537.92,2538.1,2537.92,2538.1,0,0,0
2019-12-19 15:13:00+01:00,2538.07,2538.57,2538.07,2538.57,0,0,0
2019-12-19 15:14:00+01:00,2538.42,2538.53,2538.42,2538.53,0,0,0
2019-12-19 15:15:00+01:00,2538.24,2538.24,2538.24,2538.24,0,0,0
2019-12-19 15:16:00+01:00,2537.78,2537.78,2537.78,2537.78,0,0,0
2019-12-19 15:17:00+01:00,2538.01,2538.36,2538.01,2538.36,0,0,0
2019-12-19 15:18:00+01:00,2538.08,2538.08,2538.08,2538.08,0,0,0
2019-12-19 15:19:00+01:00,2537.76,2537.76,2537.76,2537.76,0,0,0
2019-12-19 15:20:00+01:00,2537.6,2537.6,2537.19,2537.19,0,0,0
2019-12-19 15:21:00+01:00,2536.97,2536.97,2536.97,2536.97,0,0,0
2019-12-19 15:22:00+01:00,2537.09,2537.09,2537.09,2537.09,0,0,0
2019-12-19 15:23:00+01:00,2537.07,2537.34,2537.07,2537.34,0,0,0
2019-12-19 15:24:00+01:00,2537.34,2537.34,2537.34,2537.34,0,0,0
2019-12-19 15:25:00+01:00,2536.75,2536.75,2536.75,2536.75,0,0,0
2019-12-19 15:26:00+01:00,2536.59,2536.59,2536.21,2536.21,0,0,0
2019-12-19 15:27:00+01:00,2536.37,2536.37,2536.37,2536.37,0,0,0
2019-12-19 15:28:00+01:00,2536.93,2536.93,2536.93,2536.93,0,0,0
2019-12-19 15:29:00+01:00,2536.42,2536.78,2536.42,2536.78,0,0,0
2019-12-19 15:30:00+01:00,2536.93,2536.93,2536.93,2536.93,0,0,0
2019-12-19 15:31:00+01:00,2537.04,2537.04,2536.68,2536.68,0,0,0
2019-12-19 15:32:00+01:00,2536.48,2536.5,2536.48,2536.5,0,0,0
2019-12-19 15:33:00+01:00,2536.81,2536.81,2536.81,2536.81,0,0,0
2019-12-19 15:34:00+01:00,2537.25,2537.25,2537.25,2537.25,0,0,0
2019-12-19 15:35:00+01:00,2536.93,2537.27,2536.93,2537.27,0,0,0
2019-12-19 15:36:00+01:00,2536.51,2536.51,2536.09,2536.09,0,0,0
2019-12-19 15:37:00+01:00,2536.33,2536.33,2536.33,2536.33,0,0,0
2019-12-19 15:38:00+01:00,2536.3,2536.55,2536.3,2536.55,0,0,0
2019-12-19 15:39:00+01:00,2536.76,2536.76,2536.76,2536.76,0,0,0
2019-12-19 15:40:00+01:00,2536.76,2536.76,2536.27,2536.27,0,0,0
2019-12-19 15:41:00+01:00,2536.61,2536.61,2536.43,2536.43,0,0,0
2019-12-19 15:42:00+01:00,2536.39,2536.39,2536.39,2536.39,0,0,0
2019-12-19 15:43:00+01:00,2536.42,2536.42,2536.31,2536.31,0,0,0
2019-12-19 15:44:00+01:00,2536.46,2536.46,2536.46,2536.46,0,0,0
2019-12-19 15:45:00+01:00,2536.04,2536.04,2536.04,2536.04,0,0,0
2019-12-19 15:46:00+01:00,2535.51,2535.95,2535.51,2535.95,0,0,0
2019-12-19 15:47:00+01:00,2535.63,2535.63,2535.63,2535.63,0,0,0
2019-12-19 15:48:00+01:00,2535.98,2536.21,2535.98,2536.21,0,0,0
2019-12-19 15:49:00+01:00,2536.72,2536.76,2536.72,2536.76,0,0,0
2019-12-19 15:50:00+01:00,2536.74,2536.74,2536.74,2536.74,0,0,0
2019-12-19 15:51:00+01:00,2536.48,2536.48,2536.48,2536.48,0,0,0
2019-12-19 15:52:00+01:00,2536.2,2536.2,2536.2,2536.2,0,0,0
2019-12-19 15:53:00+01:00,2536.67,2537.03,2536.67,2537.03,0,0,0
2019-12-19 15:54:00+01:00,2537.18,2537.18,2537.18,2537.18,0,0,0
2019-12-19 15:55:00+01:00,2536.92,2537.21,2536.92,2537.21,0,0,0
2019-12-19 15:56:00+01:00,2537.13,2537.13,2537.12,2537.12,0,0,0
2019-12-19 15:57:00+01:00,2537.14,2537.14,2537.14,2537.14,0,0,0
2019-12-19 15:58:00+01:00,2536.44,2536.6,2536.44,2536.6,0,0,0
2019-12-19 15:59:00+01:00,2537.08,2537.08,2537.03,2537.03,0,0,0
2019-12-19 16:00:00+01:00,2537.16,2537.16,2537.16,2537.16,0,0,0
2019-12-19 16:01:00+01:00,2537.84,2538.13,2537.84,2538.13,0,0,0
2019-12-19 16:02:00+01:00,2537.82,2537.82,2537.34,2537.34,0,0,0
2019-12-19 16:03:00+01:00,2536.81,2536.81,2536.81,2536.81,0,0,0
2019-12-19 16:04:00+01:00,2536.72,2536.72,2536.35,2536.35,0,0,0
2019-12-19 16:05:00+01:00,2536.05,2536.05,2536.05,2536.05,0,0,0
2019-12-19 16:06:00+01:00,2535.99,2535.99,2535.99,2535.99,0,0,0
2019-12-19 16:07:00+01:00,2536.39,2536.39,2536.16,2536.16,0,0,0
2019-12-19 16:08:00+01:00,2536.19,2536.19,2536.15,2536.15,0,0,0
2019-12-19 16:09:00+01:00,2536.45,2536.45,2536.45,2536.45,0,0,0
2019-12-19 16:10:00+01:00,2536.5,2536.5,2536.32,2536.32,0,0,0
2019-12-19 16:11:00+01:00,2536.83,2536.83,2536.83,2536.83,0,0,0
2019-12-19 16:12:00+01:00,2536.85,2536.85,2536.7,2536.7,0,0,0
2019-12-19 16:13:00+01:00,2536.64,2536.64,2536.54,2536.54,0,0,0
2019-12-19 16:14:00+01:00,2537.04,2537.04,2537.04,2537.04,0,0,0
2019-12-19 16:15:00+01:00,2537.02,2537.09,2537.02,2537.09,0,0,0
2019-12-19 16:16:00+01:00,2537.01,2537.01,2537.01,2537.01,0,0,0
2019-12-19 16:17:00+01:00,2537.22,2537.22,2537.22,2537.22,0,0,0
2019-12-19 16:18:00+01:00,2537.18,2537.27,2537.18,2537.27,0,0,0
2019-12-19 16:19:00+01:00,2537.13,2537.13,2537.13,2537.13,0,0,0
2019-12-19 16:20:00+01:00,2537.31,2537.31,2537.19,2537.19,0,0,0
2019-12-19 16:21:00+01:00,2537.18,2537.18,2536.95,2536.95,0,0,0
2019-12-19 16:22:00+01:00,2536.79,2536.79,2536.79,2536.79,0,0,0
2019-12-19 16:23:00+01:00,2536.69,2536.69,2536.69,2536.69,0,0,0
2019-12-19 16:24:00+01:00,2537.34,2537.34,2537.08,2537.08,0,0,0
2019-12-19 16:25:00+01:00,2537.17,2537.17,2537.11,2537.11,0,0,0
2019-12-19 16:26:00+01:00,2536.64,2536.64,2536.25,2536.25,0,0,0
2019-12-19 16:27:00+01:00,2535.92,2536.05,2535.92,2536.05,0,0,0
2019-12-19 16:28:00+01:00,2536.26,2536.26,2536.26,2536.26,0,0,0
2019-12-19 16:29:00+01:00,2536.51,2537.36,2536.51,2537.36,0,0,0
2019-12-19 16:30:00+01:00,2537.5,2537.5,2537.5,2537.5,0,0,0
2019-12-19 16:31:00+01:00,2537.05,2537.08,2537.05,2537.08,0,0,0
2019-12-19 16:32:00+01:00,2537.09,2537.09,2536.73,2536.73,0,0,0
2019-12-19 16:33:00+01:00,2537.09,2537.09,2537.09,2537.09,0,0,0
2019-12-19 16:34:00+01:00,2537.0,2537.06,2537.0,2537.06,0,0,0
2019-12-19 16:35:00+01:00,2537.02,2537.02,2536.84,2536.84,0,0,0
2019-12-19 16:36:00+01:00,2536.62,2536.87,2536.62,2536.87,0,0,0
2019-12-19 16:37:00+01:00,2536.81,2536.81,2536.32,2536.32,0,0,0
2019-12-19 16:38:00+01:00,2536.14,2536.14,2536.14,2536.14,0,0,0
2019-12-19 16:39:00+01:00,2535.93,2535.93,2535.82,2535.82,0,0,0
2019-12-19 16:40:00+01:00,2535.7,2535.86,2535.7,2535.86,0,0,0
2019-12-19 16:41:00+01:00,2535.51,2535.51,2535.17,2535.17,0,0,0
2019-12-19 16:42:00+01:00,2534.75,2534.75,2534.75,2534.75,0,0,0
2019-12-19 16:43:00+01:00,2534.51,2534.51,2534.43,2534.43,0,0,0
2019-12-19 16:44:00+01:00,2534.28,2534.28,2534.28,2534.28,0,0,0
2019-12-19 16:45:00+01:00,2534.41,2534.41,2534.41,2534.41,0,0,0
2019-12-19 16:46:00+01:00,2534.47,2535.01,2534.47,2535.01,0,0,0
2019-12-19 16:47:00+01:00,2534.52,2534.52,2534.52,2534.52,0,0,0
2019-12-19 16:48:00+01:00,2534.21,2534.46,2534.21,2534.46,0,0,0
2019-12-19 16:49:00+01:00,2534.13,2534.13,2534.13,2534.13,0,0,0
2019-12-19 16:50:00+01:00,2534.46,2535.12,2534.46,2535.12,0,0,0
2019-12-19 16:51:00+01:00,2535.3,2535.3,2534.94,2534.94,0,0,0
2019-12-19 16:52:00+01:00,2534.96,2534.96,2534.96,2534.96,0,0,0
2019-12-19 16:53:00+01:00,2534.94,2535.1,2534.94,2535.1,0,0,0
2019-12-19 16:54:00+01:00,2535.3,2535.3,2534.95,2534.95,0,0,0
2019-12-19 16:55:00+01:00,2535.25,2536.35,2535.25,2536.35,0,0,0
2019-12-19 16:56:00+01:00,2536.53,2536.55,2536.53,2536.55,0,0,0
2019-12-19 16:57:00+01:00,2536.53,2536.61,2536.53,2536.61,0,0,0
2019-12-19 16:58:00+01:00,2536.36,2536.36,2536.02,2536.02,0,0,0
2019-12-19 16:59:00+01:00,2536.31,2536.39,2536.31,2536.39,0,0,0
2019-12-19 17:00:00+01:00,2536.18,2536.18,2536.15,2536.15,0,0,0
2019-12-19 17:01:00+01:00,2536.18,2536.18,2536.16,2536.16,0,0,0
2019-12-19 17:02:00+01:00,2536.44,2536.44,2536.18,2536.18,0,0,0
2019-12-19 17:03:00+01:00,2535.99,2536.05,2535.99,2536.05,0,0,0
2019-12-19 17:04:00+01:00,2536.17,2536.63,2536.17,2536.63,0,0,0
2019-12-19 17:05:00+01:00,2536.85,2536.85,2536.85,2536.85,0,0,0
2019-12-19 17:06:00+01:00,2537.48,2537.69,2537.48,2537.69,0,0,0
2019-12-19 17:07:00+01:00,2537.82,2537.82,2537.79,2537.79,0,0,0
2019-12-19 17:08:00+01:00,2537.71,2537.71,2537.71,2537.71,0,0,0
2019-12-19 17:09:00+01:00,2537.72,2537.72,2537.4,2537.4,0,0,0
2019-12-19 17:10:00+01:00,2537.84,2537.84,2537.84,2537.84,0,0,0
2019-12-19 17:11:00+01:00,2537.89,2537.89,2537.69,2537.69,0,0,0
2019-12-19 17:12:00+01:00,2537.63,2537.63,2537.52,2537.52,0,0,0
2019-12-19 17:13:00+01:00,2537.6,2537.73,2537.6,2537.73,0,0,0
2019-12-19 17:14:00+01:00,2538.27,2538.3,2538.27,2538.3,0,0,0
2019-12-19 17:15:00+01:00,2538.04,2538.04,2538.04,2538.04,0,0,0
2019-12-19 17:16:00+01:00,2538.08,2538.09,2538.08,2538.09,0,0,0
2019-12-19 17:17:00+01:00,2538.15,2538.15,2537.97,2537.97,0,0,0
2019-12-19 17:18:00+01:00,2537.6,2537.6,2537.56,2537.56,0,0,0
2019-12-19 17:19:00+01:00,2537.57,2537.57,2537.46,2537.46,0,0,0
2019-12-19 17:20:00+01:00,2537.26,2537.26,2537.17,2537.17,0,0,0
2019-12-19 17:21:00+01:00,2537.18,2537.28,2537.18,2537.28,0,0,0
2019-12-19 17:22:00+01:00,2537.46,2537.47,2537.46,2537.47,0,0,0
2019-12-19 17:23:00+01:00,2537.17,2537.54,2537.17,2537.54,0,0,0
2019-12-19 17:24:00+01:00,2537.1,2537.15,2537.1,2537.15,0,0,0
2019-12-19 17:25:00+01:00,2536.99,2537.31,2536.99,2537.31,0,0,0
2019-12-19 17:26:00+01:00,2537.58,2537.92,2537.58,2537.92,0,0,0
2019-12-19 17:27:00+01:00,2537.58,2537.58,2537.57,2537.57,0,0,0
2019-12-19 17:28:00+01:00,2537.43,2537.51,2537.43,2537.51,0,0,0
2019-12-19 17:29:00+01:00,2537.48,2537.64,2537.48,2537.64,0,0,0
2019-12-20 09:00:00+01:00,2541.2,2543.26,2541.2,2543.26,0,0,0
2019-12-20 09:01:00+01:00,2543.75,2543.75,2543.74,2543.74,0,0,0
2019-12-20 09:02:00+01:00,2549.19,2549.63,2549.19,2549.63,0,0,0
2019-12-20 09:03:00+01:00,2551.03,2551.18,2551.03,2551.18,0,0,0
2019-12-20 09:04:00+01:00,2551.25,2551.25,2550.87,2550.87,0,0,0
2019-12-20 09:05:00+01:00,2550.46,2550.46,2550.23,2550.23,0,0,0
2019-12-20 09:06:00+01:00,2548.31,2548.31,2547.73,2547.73,0,0,0
2019-12-20 09:07:00+01:00,2547.98,2548.12,2547.98,2548.12,0,0,0
2019-12-20 09:08:00+01:00,2548.12,2548.12,2546.76,2546.76,0,0,0
2019-12-20 09:09:00+01:00,2546.5,2546.5,2546.27,2546.27,0,0,0
2019-12-20 09:10:00+01:00,2546.22,2546.4,2546.22,2546.4,0,0,0
2019-12-20 09:11:00+01:00,2546.45,2546.58,2546.45,2546.58,0,0,0
2019-12-20 09:12:00+01:00,2545.65,2545.83,2545.65,2545.83,0,0,0
2019-12-20 09:13:00+01:00,2545.5,2545.91,2545.5,2545.91,0,0,0
2019-12-20 09:14:00+01:00,2546.16,2546.16,2545.64,2545.64,0,0,0
2019-12-20 09:15:00+01:00,2545.08,2545.09,2544.94,2544.94,0,0,0
2019-12-20 09:16:00+01:00,2545.57,2545.95,2545.57,2545.95,0,0,0
2019-12-20 09:17:00+01:00,2545.07,2545.07,2544.94,2544.94,0,0,0
2019-12-20 09:18:00+01:00,2545.08,2545.66,2545.08,2545.66,0,0,0
2019-12-20 09:19:00+01:00,2545.42,2545.42,2545.21,2545.21,0,0,0
2019-12-20 09:20:00+01:00,2545.06,2545.23,2545.06,2545.23,0,0,0
2019-12-20 09:21:00+01:00,2546.17,2546.33,2546.17,2546.33,0,0,0
2019-12-20 09:22:00+01:00,2546.82,2546.82,2546.82,2546.82,0,0,0
2019-12-20 09:23:00+01:00,2546.81,2546.81,2546.73,2546.73,0,0,0
2019-12-20 09:24:00+01:00,2546.81,2546.81,2546.51,2546.51,0,0,0
2019-12-20 09:25:00+01:00,2547.15,2548.31,2547.15,2548.31,0,0,0
2019-12-20 09:26:00+01:00,2547.56,2547.56,2547.18,2547.18,0,0,0
2019-12-20 09:27:00+01:00,2547.25,2547.25,2546.82,2546.82,0,0,0
2019-12-20 09:28:00+01:00,2546.1,2546.1,2546.01,2546.01,0,0,0
2019-12-20 09:29:00+01:00,2546.66,2546.66,2546.43,2546.43,0,0,0
2019-12-20 09:30:00+01:00,2546.57,2546.57,2546.57,2546.57,0,0,0
2019-12-20 09:31:00+01:00,2546.77,2546.77,2546.71,2546.71,0,0,0
2019-12-20 09:32:00+01:00,2546.91,2546.91,2546.77,2546.77,0,0,0
2019-12-20 09:33:00+01:00,2547.13,2547.23,2547.13,2547.23,0,0,0
2019-12-20 09:34:00+01:00,2547.99,2548.49,2547.99,2548.49,0,0,0
2019-12-20 09:35:00+01:00,2548.97,2549.66,2548.97,2549.66,0,0,0
2019-12-20 09:36:00+01:00,2549.27,2550.65,2549.27,2550.65,0,0,0
2019-12-20 09:37:00+01:00,2551.83,2551.83,2551.72,2551.72,0,0,0
2019-12-20 09:38:00+01:00,2551.91,2552.03,2551.91,2552.03,0,0,0
2019-12-20 09:39:00+01:00,2551.91,2552.21,2551.91,2552.21,0,0,0
2019-12-20 09:40:00+01:00,2552.49,2552.49,2552.48,2552.48,0,0,0
2019-12-20 09:41:00+01:00,2551.87,2551.87,2551.38,2551.38,0,0,0
2019-12-20 09:42:00+01:00,2551.04,2551.04,2550.6,2550.6,0,0,0
2019-12-20 09:43:00+01:00,2551.01,2551.06,2551.01,2551.06,0,0,0
2019-12-20 09:44:00+01:00,2552.26,2552.26,2552.26,2552.26,0,0,0
2019-12-20 09:45:00+01:00,2554.12,2554.12,2552.77,2552.77,0,0,0
2019-12-20 09:46:00+01:00,2552.34,2552.58,2552.34,2552.58,0,0,0
2019-12-20 09:47:00+01:00,2552.57,2552.87,2552.57,2552.87,0,0,0
2019-12-20 09:48:00+01:00,2553.27,2553.53,2553.27,2553.53,0,0,0
2019-12-20 09:49:00+01:00,2553.43,2553.7,2553.43,2553.7,0,0,0
2019-12-20 09:50:00+01:00,2553.59,2553.59,2553.45,2553.45,0,0,0
2019-12-20 09:51:00+01:00,2554.04,2554.04,2553.95,2553.95,0,0,0
2019-12-20 09:52:00+01:00,2553.56,2553.56,2553.11,2553.11,0,0,0
2019-12-20 09:53:00+01:00,2553.4,2554.11,2553.4,2554.11,0,0,0
2019-12-20 09:54:00+01:00,2553.89,2554.99,2553.89,2554.99,0,0,0
2019-12-20 09:55:00+01:00,2554.79,2554.79,2554.65,2554.65,0,0,0
2019-12-20 09:56:00+01:00,2554.74,2554.74,2554.47,2554.47,0,0,0
2019-12-20 09:57:00+01:00,2554.57,2555.3,2554.57,2555.3,0,0,0
2019-12-20 09:58:00+01:00,2554.81,2555.02,2554.81,2555.02,0,0,0
2019-12-20 09:59:00+01:00,2554.08,2554.08,2553.4,2553.4,0,0,0
2019-12-20 10:00:00+01:00,2552.88,2552.93,2552.88,2552.93,0,0,0
2019-12-20 10:01:00+01:00,2552.77,2552.77,2552.64,2552.64,0,0,0
2019-12-20 10:02:00+01:00,2551.9,2551.9,2551.72,2551.72,0,0,0
2019-12-20 10:03:00+01:00,2551.44,2551.44,2551.04,2551.04,0,0,0
2019-12-20 10:04:00+01:00,2550.21,2550.92,2550.21,2550.92,0,0,0
2019-12-20 10:05:00+01:00,2551.29,2552.09,2551.29,2552.09,0,0,0
2019-12-20 10:06:00+01:00,2553.15,2553.15,2552.8,2552.8,0,0,0
2019-12-20 10:07:00+01:00,2552.75,2552.75,2551.9,2551.9,0,0,0
2019-12-20 10:08:00+01:00,2551.92,2552.4,2551.92,2552.4,0,0,0
2019-12-20 10:09:00+01:00,2552.49,2553.07,2552.49,2553.07,0,0,0
2019-12-20 10:10:00+01:00,2553.42,2553.56,2553.42,2553.56,0,0,0
2019-12-20 10:11:00+01:00,2553.74,2553.77,2553.74,2553.77,0,0,0
2019-12-20 10:12:00+01:00,2553.48,2553.91,2553.48,2553.91,0,0,0
2019-12-20 10:13:00+01:00,2554.03,2554.26,2554.03,2554.26,0,0,0
2019-12-20 10:14:00+01:00,2554.03,2554.03,2553.66,2553.66,0,0,0
2019-12-20 10:15:00+01:00,2553.53,2553.53,2553.11,2553.11,0,0,0
2019-12-20 10:16:00+01:00,2552.47,2552.47,2551.32,2551.32,0,0,0
2019-12-20 10:17:00+01:00,2551.21,2551.39,2551.21,2551.39,0,0,0
2019-12-20 10:18:00+01:00,2552.04,2552.19,2552.04,2552.19,0,0,0
2019-12-20 10:19:00+01:00,2552.5,2552.79,2552.5,2552.79,0,0,0
2019-12-20 10:20:00+01:00,2552.84,2552.9,2552.84,2552.9,0,0,0
2019-12-20 10:21:00+01:00,2552.71,2552.91,2552.71,2552.91,0,0,0
2019-12-20 10:22:00+01:00,2552.87,2553.18,2552.87,2553.18,0,0,0
2019-12-20 10:23:00+01:00,2553.09,2553.09,2552.94,2552.94,0,0,0
2019-12-20 10:24:00+01:00,2552.73,2552.73,2552.25,2552.25,0,0,0
2019-12-20 10:25:00+01:00,2551.86,2551.96,2551.86,2551.96,0,0,0
2019-12-20 10:26:00+01:00,2552.09,2552.14,2552.09,2552.14,0,0,0
2019-12-20 10:27:00+01:00,2551.67,2551.85,2551.67,2551.85,0,0,0
2019-12-20 10:28:00+01:00,2551.75,2551.75,2551.23,2551.23,0,0,0
2019-12-20 10:29:00+01:00,2551.31,2551.31,2550.63,2550.63,0,0,0
2019-12-20 10:30:00+01:00,2550.3,2550.3,2550.24,2550.24,0,0,0
2019-12-20 10:31:00+01:00,2550.56,2550.89,2550.56,2550.89,0,0,0
2019-12-20 10:32:00+01:00,2550.95,2550.95,2550.8,2550.8,0,0,0
2019-12-20 10:33:00+01:00,2550.44,2550.46,2550.44,2550.46,0,0,0
2019-12-20 10:34:00+01:00,2550.29,2550.29,2550.25,2550.25,0,0,0
2019-12-20 10:35:00+01:00,2549.99,2549.99,2549.97,2549.97,0,0,0
2019-12-20 10:36:00+01:00,2549.81,2549.87,2549.81,2549.87,0,0,0
2019-12-20 10:37:00+01:00,2549.48,2549.92,2549.48,2549.92,0,0,0
2019-12-20 10:38:00+01:00,2549.65,2549.65,2549.05,2549.05,0,0,0
2019-12-20 10:39:00+01:00,2548.96,2548.96,2548.85,2548.85,0,0,0
2019-12-20 10:40:00+01:00,2548.77,2548.77,2548.62,2548.62,0,0,0
2019-12-20 10:41:00+01:00,2548.3,2548.55,2548.3,2548.55,0,0,0
2019-12-20 10:42:00+01:00,2548.4,2548.52,2548.4,2548.52,0,0,0
2019-12-20 10:43:00+01:00,2549.18,2549.35,2549.18,2549.35,0,0,0
2019-12-20 10:44:00+01:00,2549.13,2549.13,2549.13,2549.13,0,0,0
2019-12-20 10:45:00+01:00,2549.2,2549.2,2548.96,2548.96,0,0,0
2019-12-20 10:46:00+01:00,2548.99,2548.99,2548.37,2548.37,0,0,0
2019-12-20 10:47:00+01:00,2548.14,2548.14,2547.74,2547.74,0,0,0
2019-12-20 10:48:00+01:00,2547.69,2547.69,2547.1,2547.1,0,0,0
2019-12-20 10:49:00+01:00,2546.87,2546.87,2546.68,2546.68,0,0,0
2019-12-20 10:50:00+01:00,2547.15,2547.29,2547.15,2547.29,0,0,0
2019-12-20 10:51:00+01:00,2546.37,2546.37,2545.94,2545.94,0,0,0
2019-12-20 10:52:00+01:00,2546.25,2546.94,2546.25,2546.94,0,0,0
2019-12-20 10:53:00+01:00,2547.37,2547.37,2547.31,2547.31,0,0,0
2019-12-20 10:54:00+01:00,2547.23,2547.23,2547.23,2547.23,0,0,0
2019-12-20 10:55:00+01:00,2547.51,2547.62,2547.51,2547.62,0,0,0
2019-12-20 10:56:00+01:00,2547.83,2547.94,2547.83,2547.94,0,0,0
2019-12-20 10:57:00+01:00,2548.19,2548.19,2547.86,2547.86,0,0,0
2019-12-20 10:58:00+01:00,2548.53,2548.76,2548.53,2548.76,0,0,0
2019-12-20 10:59:00+01:00,2548.87,2548.87,2548.66,2548.66,0,0,0
2019-12-20 11:00:00+01:00,2548.74,2549.04,2548.74,2549.04,0,0,0
2019-12-20 11:01:00+01:00,2548.36,2548.36,2548.23,2548.23,0,0,0
2019-12-20 11:02:00+01:00,2548.2,2548.29,2548.2,2548.29,0,0,0
2019-12-20 11:03:00+01:00,2548.0,2548.0,2547.8,2547.8,0,0,0
2019-12-20 11:04:00+01:00,2547.82,2547.82,2547.68,2547.68,0,0,0
2019-12-20 11:05:00+01:00,2547.6,2547.6,2547.53,2547.53,0,0,0
2019-12-20 11:06:00+01:00,2547.64,2547.64,2547.64,2547.64,0,0,0
2019-12-20 11:07:00+01:00,2547.88,2547.88,2547.63,2547.63,0,0,0
2019-12-20 11:08:00+01:00,2547.7,2547.7,2547.59,2547.59,0,0,0
2019-12-20 11:09:00+01:00,2547.81,2548.18,2547.81,2548.18,0,0,0
2019-12-20 11:10:00+01:00,2548.61,2548.61,2548.54,2548.54,0,0,0
2019-12-20 11:11:00+01:00,2548.33,2548.33,2547.92,2547.92,0,0,0
2019-12-20 11:12:00+01:00,2547.91,2548.22,2547.91,2548.22,0,0,0
2019-12-20 11:13:00+01:00,2547.24,2547.75,2547.24,2547.75,0,0,0
2019-12-20 11:14:00+01:00,2547.77,2547.77,2547.41,2547.41,0,0,0
2019-12-20 11:15:00+01:00,2547.47,2547.98,2547.47,2547.98,0,0,0
2019-12-20 11:16:00+01:00,2547.68,2547.68,2547.57,2547.57,0,0,0
2019-12-20 11:17:00+01:00,2547.32,2547.36,2547.32,2547.36,0,0,0
2019-12-20 11:18:00+01:00,2547.47,2547.47,2547.47,2547.47,0,0,0
2019-12-20 11:19:00+01:00,2547.8,2548.23,2547.8,2548.23,0,0,0
2019-12-20 11:20:00+01:00,2548.58,2548.65,2548.58,2548.65,0,0,0
2019-12-20 11:21:00+01:00,2548.67,2549.11,2548.67,2549.11,0,0,0
2019-12-20 11:22:00+01:00,2548.99,2548.99,2548.94,2548.94,0,0,0
2019-12-20 11:23:00+01:00,2549.37,2549.37,2549.3,2549.3,0,0,0
2019-12-20 11:24:00+01:00,2549.38,2549.7,2549.38,2549.7,0,0,0
2019-12-20 11:25:00+01:00,2549.83,2549.83,2549.76,2549.76,0,0,0
2019-12-20 11:26:00+01:00,2549.91,2549.91,2549.82,2549.82,0,0,0
2019-12-20 11:27:00+01:00,2549.99,2549.99,2549.6,2549.6,0,0,0
2019-12-20 11:28:00+01:00,2549.58,2549.58,2549.41,2549.41,0,0,0
2019-12-20 11:29:00+01:00,2549.04,2549.04,2548.44,2548.44,0,0,0
2019-12-20 11:30:00+01:00,2547.91,2548.04,2547.91,2548.04,0,0,0
2019-12-20 11:31:00+01:00,2547.93,2547.93,2547.75,2547.75,0,0,0
2019-12-20 11:32:00+01:00,2546.34,2546.81,2546.34,2546.81,0,0,0
2019-12-20 11:33:00+01:00,2545.35,2545.35,2544.55,2544.55,0,0,0
2019-12-20 11:34:00+01:00,2545.32,2545.32,2545.09,2545.09,0,0,0
2019-12-20 11:35:00+01:00,2545.68,2545.68,2545.68,2545.68,0,0,0
2019-12-20 11:36:00+01:00,2546.44,2546.44,2546.17,2546.17,0,0,0
2019-12-20 11:37:00+01:00,2546.18,2546.18,2545.84,2545.84,0,0,0
2019-12-20 11:38:00+01:00,2545.68,2545.86,2545.68,2545.86,0,0,0
2019-12-20 11:39:00+01:00,2545.55,2545.55,2545.4,2545.4,0,0,0
2019-12-20 11:40:00+01:00,2545.16,2545.16,2545.11,2545.11,0,0,0
2019-12-20 11:41:00+01:00,2545.57,2545.71,2545.57,2545.71,0,0,0
2019-12-20 11:42:00+01:00,2545.48,2545.65,2545.48,2545.65,0,0,0
2019-12-20 11:43:00+01:00,2545.61,2545.79,2545.61,2545.79,0,0,0
2019-12-20 11:44:00+01:00,2545.67,2545.67,2545.58,2545.58,0,0,0
2019-12-20 11:45:00+01:00,2546.14,2546.14,2546.07,2546.07,0,0,0
2019-12-20 11:46:00+01:00,2545.93,2546.57,2545.93,2546.57,0,0,0
2019-12-20 11:47:00+01:00,2546.43,2547.13,2546.43,2547.13,0,0,0
2019-12-20 11:48:00+01:00,2546.96,2547.05,2546.96,2547.05,0,0,0
2019-12-20 11:49:00+01:00,2547.3,2547.35,2547.3,2547.35,0,0,0
2019-12-20 11:50:00+01:00,2552.69,2552.69,2552.55,2552.55,0,0,0
2019-12-20 11:51:00+01:00,2554.44,2555.01,2554.44,2555.01,0,0,0
2019-12-20 11:52:00+01:00,2556.16,2557.86,2556.16,2557.86,0,0,0
2019-12-20 11:53:00+01:00,2557.13,2557.13,2556.23,2556.23,0,0,0
2019-12-20 11:54:00+01:00,2556.61,2556.61,2556.53,2556.53,0,0,0
2019-12-20 11:55:00+01:00,2557.14,2557.14,2556.22,2556.22,0,0,0
2019-12-20 11:56:00+01:00,2555.73,2555.73,2554.97,2554.97,0,0,0
2019-12-20 11:57:00+01:00,2555.2,2555.35,2555.2,2555.35,0,0,0
2019-12-20 11:58:00+01:00,2554.64,2554.64,2554.34,2554.34,0,0,0
2019-12-20 11:59:00+01:00,2553.44,2553.44,2551.54,2551.54,0,0,0
2019-12-20 12:00:00+01:00,2552.49,2552.69,2552.49,2552.69,0,0,0
2019-12-20 12:01:00+01:00,2552.81,2553.04,2552.81,2553.04,0,0,0
2019-12-20 12:02:00+01:00,2553.14,2553.44,2553.14,2553.44,0,0,0
2019-12-20 12:03:00+01:00,2552.93,2553.19,2552.93,2553.19,0,0,0
2019-12-20 12:04:00+01:00,2553.29,2554.17,2553.29,2554.17,0,0,0
2019-12-20 12:05:00+01:00,2554.2,2554.58,2554.2,2554.58,0,0,0
2019-12-20 12:06:00+01:00,2554.69,2554.91,2554.69,2554.91,0,0,0
2019-12-20 12:07:00+01:00,2555.01,2555.01,2554.77,2554.77,0,0,0
2019-12-20 12:08:00+01:00,2554.81,2555.03,2554.81,2555.03,0,0,0
2019-12-20 12:09:00+01:00,2554.21,2554.21,2554.08,2554.08,0,0,0
2019-12-20 12:10:00+01:00,2553.1,2553.26,2553.1,2553.26,0,0,0
2019-12-20 12:11:00+01:00,2553.3,2553.52,2553.3,2553.52,0,0,0
2019-12-20 12:12:00+01:00,2553.43,2553.71,2553.43,2553.71,0,0,0
2019-12-20 12:13:00+01:00,2554.82,2555.49,2554.82,2555.49,0,0,0
2019-12-20 12:14:00+01:00,2556.27,2556.27,2556.19,2556.19,0,0,0
2019-12-20 12:15:00+01:00,2555.87,2555.87,2555.65,2555.65,0,0,0
2019-12-20 12:16:00+01:00,2555.78,2555.78,2554.9,2554.9,0,0,0
2019-12-20 12:17:00+01:00,2555.06,2555.06,2555.0,2555.0,0,0,0
2019-12-20 12:18:00+01:00,2555.13,2555.74,2555.13,2555.74,0,0,0
2019-12-20 12:19:00+01:00,2555.29,2555.65,2555.29,2555.65,0,0,0
2019-12-20 12:20:00+01:00,2555.78,2556.22,2555.78,2556.22,0,0,0
2019-12-20 12:21:00+01:00,2556.65,2556.65,2556.57,2556.57,0,0,0
2019-12-20 12:22:00+01:00,2556.7,2556.79,2556.7,2556.79,0,0,0
2019-12-20 12:23:00+01:00,2556.78,2556.78,2556.72,2556.72,0,0,0
2019-12-20 12:24:00+01:00,2556.47,2556.53,2556.24,2556.24,0,0,0
2019-12-20 12:25:00+01:00,2556.4,2556.57,2556.4,2556.57,0,0,0
2019-12-20 12:26:00+01:00,2556.1,2556.14,2556.1,2556.14,0,0,0
2019-12-20 12:27:00+01:00,2555.48,2555.48,2554.76,2554.76,0,0,0
2019-12-20 12:28:00+01:00,2554.53,2554.53,2554.49,2554.49,0,0,0
2019-12-20 12:29:00+01:00,2554.15,2554.53,2554.15,2554.53,0,0,0
2019-12-20 12:30:00+01:00,2554.75,2555.21,2554.75,2555.21,0,0,0
2019-12-20 12:31:00+01:00,2555.19,2555.5,2555.19,2555.5,0,0,0
2019-12-20 12:32:00+01:00,2554.96,2554.96,2554.74,2554.74,0,0,0
2019-12-20 12:33:00+01:00,2555.25,2555.25,2555.22,2555.22,0,0,0
2019-12-20 12:34:00+01:00,2555.45,2555.71,2555.45,2555.71,0,0,0
2019-12-20 12:35:00+01:00,2556.17,2556.56,2556.17,2556.56,0,0,0
2019-12-20 12:36:00+01:00,2556.3,2556.3,2555.62,2555.62,0,0,0
2019-12-20 12:37:00+01:00,2555.9,2555.95,2555.9,2555.95,0,0,0
2019-12-20 12:38:00+01:00,2555.91,2556.08,2555.86,2556.08,0,0,0
2019-12-20 12:39:00+01:00,2555.99,2556.38,2555.99,2556.38,0,0,0
2019-12-20 12:40:00+01:00,2556.54,2556.54,2556.37,2556.37,0,0,0
2019-12-20 12:41:00+01:00,2556.3,2556.38,2556.29,2556.38,0,0,0
2019-12-20 12:42:00+01:00,2556.39,2556.69,2556.25,2556.69,0,0,0
2019-12-20 12:43:00+01:00,2556.78,2556.78,2556.63,2556.74,0,0,0
2019-12-20 12:44:00+01:00,2556.79,2556.79,2556.65,2556.65,0,0,0
2019-12-20 12:45:00+01:00,2556.51,2556.77,2556.51,2556.77,0,0,0
2019-12-20 12:46:00+01:00,2557.12,2557.12,2556.84,2556.84,0,0,0
2019-12-20 12:47:00+01:00,2556.61,2556.61,2556.36,2556.36,0,0,0
2019-12-20 12:48:00+01:00,2557.0,2557.0,2556.95,2556.95,0,0,0
2019-12-20 12:49:00+01:00,2556.67,2556.86,2556.67,2556.86,0,0,0
2019-12-20 12:50:00+01:00,2556.58,2556.68,2556.58,2556.68,0,0,0
2019-12-20 12:51:00+01:00,2556.72,2557.33,2556.72,2557.33,0,0,0
2019-12-20 12:52:00+01:00,2557.16,2557.49,2557.15,2557.49,0,0,0
2019-12-20 12:53:00+01:00,2557.48,2557.48,2557.31,2557.31,0,0,0
2019-12-20 12:54:00+01:00,2557.48,2557.48,2557.15,2557.15,0,0,0
2019-12-20 12:55:00+01:00,2556.88,2556.88,2556.5,2556.5,0,0,0
2019-12-20 12:56:00+01:00,2556.5,2556.72,2556.5,2556.72,0,0,0
2019-12-20 12:57:00+01:00,2556.54,2556.7,2556.54,2556.7,0,0,0
2019-12-20 12:58:00+01:00,2556.47,2556.7,2556.47,2556.7,0,0,0
2019-12-20 12:59:00+01:00,2556.83,2557.13,2556.83,2557.13,0,0,0
2019-12-20 13:00:00+01:00,2557.27,2557.27,2556.59,2556.6,0,0,0
2019-12-20 13:01:00+01:00,2556.65,2556.65,2556.61,2556.61,0,0,0
2019-12-20 13:02:00+01:00,2556.71,2556.71,2556.64,2556.64,0,0,0
2019-12-20 13:03:00+01:00,2556.7,2556.7,2556.3,2556.3,0,0,0
2019-12-20 13:04:00+01:00,2556.25,2556.25,2556.01,2556.01,0,0,0
2019-12-20 13:05:00+01:00,2555.57,2555.57,2555.1,2555.1,0,0,0
2019-12-20 13:06:00+01:00,2555.01,2555.01,2554.51,2554.51,0,0,0
2019-12-20 13:07:00+01:00,2554.32,2554.32,2553.63,2553.63,0,0,0
2019-12-20 13:08:00+01:00,2552.69,2553.21,2552.69,2553.21,0,0,0
2019-12-20 13:09:00+01:00,2553.52,2553.71,2553.52,2553.71,0,0,0
2019-12-20 13:10:00+01:00,2553.95,2554.22,2553.95,2554.22,0,0,0
2019-12-20 13:11:00+01:00,2554.07,2554.07,2553.94,2553.94,0,0,0
2019-12-20 13:12:00+01:00,2553.59,2553.63,2553.59,2553.63,0,0,0
2019-12-20 13:13:00+01:00,2553.3,2553.3,2552.75,2552.75,0,0,0
2019-12-20 13:14:00+01:00,2553.01,2553.01,2552.91,2552.91,0,0,0
2019-12-20 13:15:00+01:00,2552.79,2552.79,2552.44,2552.44,0,0,0
2019-12-20 13:16:00+01:00,2552.65,2553.15,2552.65,2553.15,0,0,0
2019-12-20 13:17:00+01:00,2553.11,2553.11,2552.36,2552.36,0,0,0
2019-12-20 13:18:00+01:00,2552.13,2552.18,2552.13,2552.18,0,0,0
2019-12-20 13:19:00+01:00,2552.14,2552.14,2551.96,2551.96,0,0,0
2019-12-20 13:20:00+01:00,2551.85,2551.85,2551.73,2551.73,0,0,0
2019-12-20 13:21:00+01:00,2551.26,2551.26,2551.22,2551.22,0,0,0
2019-12-20 13:22:00+01:00,2551.42,2551.42,2551.39,2551.39,0,0,0
2019-12-20 13:23:00+01:00,2551.37,2551.37,2551.27,2551.27,0,0,0
2019-12-20 13:24:00+01:00,2551.21,2551.21,2550.97,2550.97,0,0,0
2019-12-20 13:25:00+01:00,2550.98,2551.3,2550.98,2551.3,0,0,0
2019-12-20 13:26:00+01:00,2551.57,2551.57,2551.32,2551.32,0,0,0
2019-12-20 13:27:00+01:00,2551.1,2551.1,2551.07,2551.07,0,0,0
2019-12-20 13:28:00+01:00,2550.32,2550.32,2550.13,2550.13,0,0,0
2019-12-20 13:29:00+01:00,2549.9,2550.16,2549.9,2550.16,0,0,0
2019-12-20 13:30:00+01:00,2550.18,2550.64,2550.18,2550.52,0,0,0
2019-12-20 13:31:00+01:00,2550.83,2551.2,2550.83,2551.2,0,0,0
2019-12-20 13:32:00+01:00,2551.07,2551.1,2550.95,2550.95,0,0,0
2019-12-20 13:33:00+01:00,2550.71,2550.71,2550.29,2550.29,0,0,0
2019-12-20 13:34:00+01:00,2550.25,2550.25,2549.69,2549.69,0,0,0
2019-12-20 13:35:00+01:00,2550.0,2550.0,2549.95,2549.95,0,0,0
2019-12-20 13:36:00+01:00,2550.02,2550.02,2549.68,2549.68,0,0,0
2019-12-20 13:37:00+01:00,2549.87,2549.94,2549.87,2549.94,0,0,0
2019-12-20 13:38:00+01:00,2550.03,2550.13,2550.03,2550.13,0,0,0
2019-12-20 13:39:00+01:00,2550.12,2550.12,2550.05,2550.05,0,0,0
2019-12-20 13:40:00+01:00,2550.05,2550.05,2549.91,2549.91,0,0,0
2019-12-20 13:41:00+01:00,2549.78,2549.78,2549.75,2549.75,0,0,0
2019-12-20 13:42:00+01:00,2549.41,2549.58,2549.41,2549.58,0,0,0
2019-12-20 13:43:00+01:00,2549.57,2549.95,2549.57,2549.95,0,0,0
2019-12-20 13:44:00+01:00,2550.36,2550.39,2550.36,2550.39,0,0,0
2019-12-20 13:45:00+01:00,2550.99,2550.99,2550.79,2550.79,0,0,0
2019-12-20 13:46:00+01:00,2551.08,2551.08,2550.91,2550.91,0,0,0
2019-12-20 13:47:00+01:00,2550.91,2550.91,2550.61,2550.61,0,0,0
2019-12-20 13:48:00+01:00,2550.86,2550.86,2550.67,2550.67,0,0,0
2019-12-20 13:49:00+01:00,2550.79,2551.1,2550.79,2551.1,0,0,0
2019-12-20 13:50:00+01:00,2551.05,2551.22,2551.05,2551.22,0,0,0
2019-12-20 13:51:00+01:00,2551.3,2551.41,2551.3,2551.41,0,0,0
2019-12-20 13:52:00+01:00,2551.37,2551.37,2551.24,2551.24,0,0,0
2019-12-20 13:53:00+01:00,2551.58,2551.58,2551.53,2551.53,0,0,0
2019-12-20 13:54:00+01:00,2551.53,2551.76,2551.53,2551.76,0,0,0
2019-12-20 13:55:00+01:00,2551.47,2551.47,2551.32,2551.32,0,0,0
2019-12-20 13:56:00+01:00,2551.76,2551.83,2551.76,2551.83,0,0,0
2019-12-20 13:57:00+01:00,2551.9,2552.27,2551.9,2552.27,0,0,0
2019-12-20 13:58:00+01:00,2552.49,2552.49,2552.45,2552.45,0,0,0
2019-12-20 13:59:00+01:00,2552.44,2552.44,2552.3,2552.3,0,0,0
2019-12-20 14:00:00+01:00,2552.31,2552.72,2552.31,2552.72,0,0,0
2019-12-20 14:01:00+01:00,2552.68,2552.68,2552.64,2552.64,0,0,0
2019-12-20 14:02:00+01:00,2552.68,2552.96,2552.68,2552.96,0,0,0
2019-12-20 14:03:00+01:00,2552.81,2552.81,2552.76,2552.76,0,0,0
2019-12-20 14:04:00+01:00,2552.67,2552.67,2552.58,2552.58,0,0,0
2019-12-20 14:05:00+01:00,2552.57,2552.59,2552.57,2552.59,0,0,0
2019-12-20 14:06:00+01:00,2552.9,2552.94,2552.9,2552.94,0,0,0
2019-12-20 14:07:00+01:00,2552.71,2552.81,2552.71,2552.81,0,0,0
2019-12-20 14:08:00+01:00,2552.86,2553.05,2552.86,2553.05,0,0,0
2019-12-20 14:09:00+01:00,2552.51,2552.51,2552.38,2552.38,0,0,0
2019-12-20 14:10:00+01:00,2552.4,2552.63,2552.4,2552.63,0,0,0
2019-12-20 14:11:00+01:00,2552.62,2552.62,2552.35,2552.35,0,0,0
2019-12-20 14:12:00+01:00,2552.15,2552.15,2552.09,2552.09,0,0,0
2019-12-20 14:13:00+01:00,2552.15,2552.5,2552.15,2552.5,0,0,0
2019-12-20 14:14:00+01:00,2553.16,2553.59,2553.16,2553.59,0,0,0
2019-12-20 14:15:00+01:00,2553.82,2553.99,2553.82,2553.99,0,0,0
2019-12-20 14:16:00+01:00,2553.99,2554.11,2553.99,2554.11,0,0,0
2019-12-20 14:17:00+01:00,2554.47,2554.79,2554.47,2554.79,0,0,0
2019-12-20 14:18:00+01:00,2554.99,2554.99,2554.73,2554.73,0,0,0
2019-12-20 14:19:00+01:00,2554.15,2554.43,2554.15,2554.43,0,0,0
2019-12-20 14:20:00+01:00,2554.24,2554.51,2554.24,2554.51,0,0,0
2019-12-20 14:21:00+01:00,2554.61,2554.61,2554.4,2554.4,0,0,0
2019-12-20 14:22:00+01:00,2554.35,2554.58,2554.35,2554.58,0,0,0
2019-12-20 14:23:00+01:00,2554.66,2554.75,2554.66,2554.75,0,0,0
2019-12-20 14:24:00+01:00,2554.59,2554.59,2554.53,2554.53,0,0,0
2019-12-20 14:25:00+01:00,2554.77,2554.77,2554.57,2554.57,0,0,0
2019-12-20 14:26:00+01:00,2554.22,2554.3,2554.18,2554.3,0,0,0
2019-12-20 14:27:00+01:00,2554.16,2554.19,2554.16,2554.19,0,0,0
2019-12-20 14:28:00+01:00,2553.93,2553.98,2553.93,2553.98,0,0,0
2019-12-20 14:29:00+01:00,2554.1,2554.17,2554.1,2554.17,0,0,0
2019-12-20 14:30:00+01:00,2554.24,2554.33,2554.24,2554.33,0,0,0
2019-12-20 14:31:00+01:00,2554.33,2554.34,2554.33,2554.34,0,0,0
2019-12-20 14:32:00+01:00,2554.55,2554.55,2554.0,2554.0,0,0,0
2019-12-20 14:33:00+01:00,2554.52,2554.52,2554.33,2554.33,0,0,0
2019-12-20 14:34:00+01:00,2554.0,2554.0,2553.88,2553.88,0,0,0
2019-12-20 14:35:00+01:00,2553.56,2553.56,2553.14,2553.14,0,0,0
2019-12-20 14:36:00+01:00,2553.49,2553.49,2553.47,2553.47,0,0,0
2019-12-20 14:37:00+01:00,2552.78,2552.86,2552.78,2552.86,0,0,0
2019-12-20 14:38:00+01:00,2553.27,2554.1,2553.27,2554.1,0,0,0
2019-12-20 14:39:00+01:00,2553.62,2554.0,2553.62,2554.0,0,0,0
2019-12-20 14:40:00+01:00,2554.13,2554.13,2554.09,2554.09,0,0,0
2019-12-20 14:41:00+01:00,2554.52,2554.52,2554.44,2554.44,0,0,0
2019-12-20 14:42:00+01:00,2554.36,2554.47,2554.36,2554.47,0,0,0
2019-12-20 14:43:00+01:00,2554.27,2554.27,2554.23,2554.23,0,0,0
2019-12-20 14:44:00+01:00,2554.58,2554.58,2554.21,2554.21,0,0,0
2019-12-20 14:45:00+01:00,2554.19,2554.19,2553.71,2553.71,0,0,0
2019-12-20 14:46:00+01:00,2553.96,2554.14,2553.96,2554.14,0,0,0
2019-12-20 14:47:00+01:00,2554.23,2554.35,2554.23,2554.35,0,0,0
2019-12-20 14:48:00+01:00,2554.59,2554.59,2554.52,2554.52,0,0,0
2019-12-20 14:49:00+01:00,2554.6,2554.72,2554.6,2554.72,0,0,0
2019-12-20 14:50:00+01:00,2554.64,2554.64,2554.42,2554.42,0,0,0
2019-12-20 14:51:00+01:00,2554.55,2554.55,2554.46,2554.46,0,0,0
2019-12-20 14:52:00+01:00,2554.27,2554.27,2553.95,2553.95,0,0,0
2019-12-20 14:53:00+01:00,2553.98,2553.98,2553.35,2553.35,0,0,0
2019-12-20 14:54:00+01:00,2553.67,2553.67,2553.57,2553.57,0,0,0
2019-12-20 14:55:00+01:00,2553.7,2554.17,2553.7,2554.17,0,0,0
2019-12-20 14:56:00+01:00,2554.24,2554.39,2554.24,2554.39,0,0,0
2019-12-20 14:57:00+01:00,2554.57,2554.78,2554.57,2554.78,0,0,0
2019-12-20 14:58:00+01:00,2554.54,2554.54,2554.21,2554.21,0,0,0
2019-12-20 14:59:00+01:00,2554.33,2554.76,2554.33,2554.76,0,0,0
2019-12-20 15:00:00+01:00,2554.71,2554.82,2554.71,2554.82,0,0,0
2019-12-20 15:01:00+01:00,2554.95,2555.04,2554.95,2555.04,0,0,0
2019-12-20 15:02:00+01:00,2554.98,2554.98,2554.95,2554.95,0,0,0
2019-12-20 15:03:00+01:00,2555.28,2555.46,2555.28,2555.46,0,0,0
2019-12-20 15:04:00+01:00,2555.55,2556.22,2555.55,2556.22,0,0,0
2019-12-20 15:05:00+01:00,2556.23,2556.23,2556.23,2556.23,0,0,0
2019-12-20 15:06:00+01:00,2556.36,2556.87,2556.36,2556.87,0,0,0
2019-12-20 15:07:00+01:00,2557.0,2557.08,2557.0,2557.08,0,0,0
2019-12-20 15:08:00+01:00,2557.47,2557.47,2557.39,2557.39,0,0,0
2019-12-20 15:09:00+01:00,2557.59,2557.59,2557.49,2557.49,0,0,0
2019-12-20 15:10:00+01:00,2557.31,2557.62,2557.31,2557.62,0,0,0
2019-12-20 15:11:00+01:00,2557.94,2557.94,2557.62,2557.62,0,0,0
2019-12-20 15:12:00+01:00,2557.58,2557.82,2557.58,2557.82,0,0,0
2019-12-20 15:13:00+01:00,2557.69,2557.69,2557.11,2557.11,0,0,0
2019-12-20 15:14:00+01:00,2556.79,2556.79,2556.37,2556.37,0,0,0
2019-12-20 15:15:00+01:00,2556.76,2556.76,2556.76,2556.76,0,0,0
2019-12-20 15:16:00+01:00,2556.86,2556.86,2556.86,2556.86,0,0,0
2019-12-20 15:17:00+01:00,2557.12,2557.39,2557.12,2557.39,0,0,0
2019-12-20 15:18:00+01:00,2557.49,2557.49,2557.49,2557.49,0,0,0
2019-12-20 15:19:00+01:00,2557.64,2557.64,2557.64,2557.64,0,0,0
2019-12-20 15:20:00+01:00,2557.58,2557.7,2557.58,2557.7,0,0,0
2019-12-20 15:21:00+01:00,2557.71,2557.71,2557.71,2557.71,0,0,0
2019-12-20 15:22:00+01:00,2557.88,2557.88,2557.88,2557.88,0,0,0
2019-12-20 15:23:00+01:00,2557.6,2557.68,2557.6,2557.68,0,0,0
2019-12-20 15:24:00+01:00,2557.51,2557.51,2557.51,2557.51,0,0,0
2019-12-20 15:25:00+01:00,2557.89,2557.89,2557.89,2557.89,0,0,0
2019-12-20 15:26:00+01:00,2557.91,2558.06,2557.91,2558.06,0,0,0
2019-12-20 15:27:00+01:00,2558.03,2558.03,2558.03,2558.03,0,0,0
2019-12-20 15:28:00+01:00,2558.4,2558.4,2558.4,2558.4,0,0,0
2019-12-20 15:29:00+01:00,2558.06,2558.06,2557.96,2557.96,0,0,0
2019-12-20 15:30:00+01:00,2557.56,2557.56,2557.56,2557.56,0,0,0
2019-12-20 15:31:00+01:00,2557.26,2557.26,2557.26,2557.26,0,0,0
2019-12-20 15:32:00+01:00,2557.99,2557.99,2557.98,2557.98,0,0,0
2019-12-20 15:33:00+01:00,2558.37,2558.37,2558.37,2558.37,0,0,0
2019-12-20 15:34:00+01:00,2560.1,2560.1,2560.1,2560.1,0,0,0
2019-12-20 15:35:00+01:00,2558.82,2558.82,2558.03,2558.03,0,0,0
2019-12-20 15:36:00+01:00,2557.43,2557.43,2557.43,2557.43,0,0,0
2019-12-20 15:37:00+01:00,2557.59,2557.59,2557.3,2557.3,0,0,0
2019-12-20 15:38:00+01:00,2557.22,2557.22,2557.22,2557.22,0,0,0
2019-12-20 15:39:00+01:00,2557.17,2557.6,2557.17,2557.6,0,0,0
2019-12-20 15:40:00+01:00,2556.86,2556.86,2556.14,2556.14,0,0,0
2019-12-20 15:41:00+01:00,2555.58,2555.58,2555.37,2555.37,0,0,0
2019-12-20 15:42:00+01:00,2554.87,2554.87,2554.87,2554.87,0,0,0
2019-12-20 15:43:00+01:00,2554.72,2554.72,2554.42,2554.42,0,0,0
2019-12-20 15:44:00+01:00,2554.36,2554.36,2554.19,2554.19,0,0,0
2019-12-20 15:45:00+01:00,2554.59,2554.59,2554.59,2554.59,0,0,0
2019-12-20 15:46:00+01:00,2554.35,2554.35,2552.83,2552.83,0,0,0
2019-12-20 15:47:00+01:00,2553.11,2553.11,2553.11,2553.11,0,0,0
2019-12-20 15:48:00+01:00,2552.87,2553.31,2552.87,2553.31,0,0,0
2019-12-20 15:49:00+01:00,2553.35,2553.35,2553.35,2553.35,0,0,0
2019-12-20 15:50:00+01:00,2553.88,2554.05,2553.88,2554.05,0,0,0
2019-12-20 15:51:00+01:00,2554.43,2554.43,2554.43,2554.43,0,0,0
2019-12-20 15:52:00+01:00,2554.58,2554.58,2554.58,2554.58,0,0,0
2019-12-20 15:53:00+01:00,2554.83,2555.42,2554.83,2555.42,0,0,0
2019-12-20 15:54:00+01:00,2555.49,2555.49,2555.49,2555.49,0,0,0
2019-12-20 15:55:00+01:00,2555.15,2555.15,2555.11,2555.11,0,0,0
2019-12-20 15:56:00+01:00,2555.25,2555.25,2555.2,2555.2,0,0,0
2019-12-20 15:57:00+01:00,2555.03,2555.03,2555.03,2555.03,0,0,0
2019-12-20 15:58:00+01:00,2555.23,2555.5,2555.23,2555.5,0,0,0
2019-12-20 15:59:00+01:00,2555.03,2555.03,2555.03,2555.03,0,0,0
2019-12-20 16:00:00+01:00,2555.09,2555.18,2555.09,2555.18,0,0,0
2019-12-20 16:01:00+01:00,2555.67,2555.67,2555.67,2555.67,0,0,0
2019-12-20 16:02:00+01:00,2555.19,2555.19,2554.5,2554.5,0,0,0
2019-12-20 16:03:00+01:00,2555.16,2555.16,2555.16,2555.16,0,0,0
2019-12-20 16:04:00+01:00,2555.82,2555.91,2555.82,2555.91,0,0,0
2019-12-20 16:05:00+01:00,2555.68,2555.68,2555.67,2555.67,0,0,0
2019-12-20 16:06:00+01:00,2554.61,2554.61,2554.61,2554.61,0,0,0
2019-12-20 16:07:00+01:00,2554.63,2554.63,2554.54,2554.54,0,0,0
2019-12-20 16:08:00+01:00,2554.62,2554.62,2554.2,2554.2,0,0,0
2019-12-20 16:09:00+01:00,2553.53,2553.53,2553.53,2553.53,0,0,0
2019-12-20 16:10:00+01:00,2553.77,2553.77,2553.57,2553.57,0,0,0
2019-12-20 16:11:00+01:00,2553.3,2553.3,2553.3,2553.3,0,0,0
2019-12-20 16:12:00+01:00,2553.18,2553.25,2553.18,2553.25,0,0,0
2019-12-20 16:13:00+01:00,2553.48,2553.76,2553.48,2553.76,0,0,0
2019-12-20 16:14:00+01:00,2553.29,2553.58,2553.29,2553.58,0,0,0
2019-12-20 16:15:00+01:00,2553.73,2553.84,2553.73,2553.84,0,0,0
2019-12-20 16:16:00+01:00,2553.97,2553.97,2553.97,2553.97,0,0,0
2019-12-20 16:17:00+01:00,2554.4,2554.4,2554.24,2554.24,0,0,0
2019-12-20 16:18:00+01:00,2555.04,2555.04,2555.04,2555.04,0,0,0
2019-12-20 16:19:00+01:00,2554.97,2555.21,2554.97,2555.21,0,0,0
2019-12-20 16:20:00+01:00,2554.44,2554.44,2554.07,2554.07,0,0,0
2019-12-20 16:21:00+01:00,2553.85,2553.85,2553.85,2553.85,0,0,0
2019-12-20 16:22:00+01:00,2553.96,2553.96,2553.96,2553.96,0,0,0
2019-12-20 16:23:00+01:00,2554.1,2554.22,2554.1,2554.22,0,0,0
2019-12-20 16:24:00+01:00,2554.66,2554.66,2554.66,2554.66,0,0,0
2019-12-20 16:25:00+01:00,2555.0,2555.39,2555.0,2555.39,0,0,0
2019-12-20 16:26:00+01:00,2555.42,2555.97,2555.42,2555.97,0,0,0
2019-12-20 16:27:00+01:00,2556.24,2556.24,2556.24,2556.24,0,0,0
2019-12-20 16:28:00+01:00,2556.57,2557.18,2556.57,2557.18,0,0,0
2019-12-20 16:29:00+01:00,2556.95,2556.98,2556.95,2556.98,0,0,0
2019-12-20 16:30:00+01:00,2556.63,2556.63,2556.63,2556.63,0,0,0
2019-12-20 16:31:00+01:00,2557.16,2557.16,2557.16,2557.16,0,0,0
2019-12-20 16:32:00+01:00,2557.05,2557.05,2557.05,2557.05,0,0,0
2019-12-20 16:33:00+01:00,2557.19,2557.19,2557.15,2557.15,0,0,0
2019-12-20 16:34:00+01:00,2556.47,2556.47,2556.47,2556.47,0,0,0
2019-12-20 16:35:00+01:00,2556.28,2556.28,2556.28,2556.28,0,0,0
2019-12-20 16:36:00+01:00,2555.69,2555.95,2555.69,2555.95,0,0,0
2019-12-20 16:37:00+01:00,2555.78,2555.78,2555.68,2555.68,0,0,0
2019-12-20 16:38:00+01:00,2555.4,2555.61,2555.4,2555.61,0,0,0
2019-12-20 16:39:00+01:00,2554.77,2555.85,2554.77,2555.85,0,0,0
2019-12-20 16:40:00+01:00,2555.98,2556.15,2555.98,2556.15,0,0,0
2019-12-20 16:41:00+01:00,2556.42,2556.42,2556.42,2556.42,0,0,0
2019-12-20 16:42:00+01:00,2556.69,2556.69,2556.65,2556.65,0,0,0
2019-12-20 16:43:00+01:00,2556.29,2556.29,2556.29,2556.29,0,0,0
2019-12-20 16:44:00+01:00,2556.58,2556.58,2556.19,2556.19,0,0,0
2019-12-20 16:45:00+01:00,2556.72,2556.72,2556.72,2556.72,0,0,0
2019-12-20 16:46:00+01:00,2556.71,2556.77,2556.71,2556.77,0,0,0
2019-12-20 16:47:00+01:00,2556.27,2556.27,2556.27,2556.27,0,0,0
2019-12-20 16:48:00+01:00,2556.6,2556.6,2556.44,2556.44,0,0,0
2019-12-20 16:49:00+01:00,2556.22,2556.23,2556.22,2556.23,0,0,0
2019-12-20 16:50:00+01:00,2556.11,2556.11,2555.95,2555.95,0,0,0
2019-12-20 16:51:00+01:00,2556.06,2556.06,2556.05,2556.05,0,0,0
2019-12-20 16:52:00+01:00,2556.29,2556.29,2556.29,2556.29,0,0,0
2019-12-20 16:53:00+01:00,2556.6,2556.7,2556.6,2556.7,0,0,0
2019-12-20 16:54:00+01:00,2556.76,2556.76,2556.76,2556.76,0,0,0
2019-12-20 16:55:00+01:00,2556.75,2556.75,2556.06,2556.06,0,0,0
2019-12-20 16:56:00+01:00,2555.25,2555.36,2555.25,2555.36,0,0,0
2019-12-20 16:57:00+01:00,2555.94,2555.94,2555.94,2555.94,0,0,0
2019-12-20 16:59:00+01:00,2556.08,2556.08,2556.01,2556.01,0,0,0
2019-12-20 17:00:00+01:00,2555.89,2555.89,2555.74,2555.74,0,0,0
2019-12-20 17:01:00+01:00,2556.12,2556.26,2556.12,2556.26,0,0,0
2019-12-20 17:02:00+01:00,2556.2,2556.2,2556.2,2556.2,0,0,0
2019-12-20 17:03:00+01:00,2556.53,2556.53,2556.35,2556.35,0,0,0
2019-12-20 17:04:00+01:00,2556.31,2556.32,2556.31,2556.32,0,0,0
2019-12-20 17:05:00+01:00,2556.11,2556.11,2556.06,2556.06,0,0,0
2019-12-20 17:06:00+01:00,2556.69,2556.69,2556.69,2556.69,0,0,0
2019-12-20 17:07:00+01:00,2556.65,2556.65,2556.46,2556.46,0,0,0
2019-12-20 17:08:00+01:00,2556.68,2556.74,2556.68,2556.74,0,0,0
2019-12-20 17:09:00+01:00,2556.43,2557.41,2556.43,2557.41,0,0,0
2019-12-20 17:10:00+01:00,2557.17,2557.17,2557.17,2557.17,0,0,0
2019-12-20 17:11:00+01:00,2557.15,2557.15,2556.86,2556.86,0,0,0
2019-12-20 17:12:00+01:00,2556.46,2556.79,2556.46,2556.79,0,0,0
2019-12-20 17:13:00+01:00,2557.09,2557.09,2556.98,2556.98,0,0,0
2019-12-20 17:14:00+01:00,2556.88,2556.88,2556.88,2556.88,0,0,0
2019-12-20 17:15:00+01:00,2557.23,2557.23,2556.16,2556.16,0,0,0
2019-12-20 17:16:00+01:00,2556.06,2556.4,2556.06,2556.4,0,0,0
2019-12-20 17:17:00+01:00,2556.24,2556.24,2556.23,2556.23,0,0,0
2019-12-20 17:18:00+01:00,2556.19,2556.19,2555.72,2555.72,0,0,0
2019-12-20 17:19:00+01:00,2555.63,2555.63,2555.54,2555.54,0,0,0
2019-12-20 17:20:00+01:00,2555.69,2555.69,2555.54,2555.54,0,0,0
2019-12-20 17:21:00+01:00,2555.85,2556.49,2555.85,2556.49,0,0,0
2019-12-20 17:22:00+01:00,2556.53,2556.53,2556.39,2556.39,0,0,0
2019-12-20 17:23:00+01:00,2555.95,2555.97,2555.95,2555.97,0,0,0
2019-12-20 17:24:00+01:00,2556.08,2556.08,2556.03,2556.03,0,0,0
2019-12-20 17:25:00+01:00,2555.83,2555.94,2555.83,2555.94,0,0,0
2019-12-20 17:26:00+01:00,2555.73,2555.73,2555.73,2555.73,0,0,0
2019-12-20 17:27:00+01:00,2555.5,2555.5,2555.5,2555.5,0,0,0
2019-12-20 17:28:00+01:00,2555.56,2555.64,2555.56,2555.64,0,0,0
2019-12-20 17:29:00+01:00,2555.79,2556.26,2555.79,2556.26,0,0,0
2019-12-23 09:00:00+01:00,2560.83,2560.83,2558.46,2558.46,0,0,0
2019-12-23 09:01:00+01:00,2561.34,2561.34,2561.34,2561.34,0,0,0
2019-12-23 09:02:00+01:00,2561.34,2561.34,2560.22,2560.22,0,0,0
2019-12-23 09:03:00+01:00,2561.24,2561.84,2561.24,2561.84,0,0,0
2019-12-23 09:04:00+01:00,2561.84,2563.67,2561.84,2563.67,0,0,0
2019-12-23 09:05:00+01:00,2563.69,2563.69,2562.1,2562.1,0,0,0
2019-12-23 09:06:00+01:00,2561.81,2561.81,2561.46,2561.46,0,0,0
2019-12-23 09:07:00+01:00,2561.33,2561.33,2560.85,2560.85,0,0,0
2019-12-23 09:08:00+01:00,2560.79,2561.22,2560.79,2561.22,0,0,0
2019-12-23 09:09:00+01:00,2561.23,2561.3,2561.23,2561.3,0,0,0
2019-12-23 09:10:00+01:00,2561.07,2561.37,2561.07,2561.37,0,0,0
2019-12-23 09:11:00+01:00,2561.85,2561.85,2561.23,2561.23,0,0,0
2019-12-23 09:12:00+01:00,2560.98,2561.78,2560.98,2561.78,0,0,0
2019-12-23 09:13:00+01:00,2561.69,2561.69,2561.69,2561.69,0,0,0
2019-12-23 09:14:00+01:00,2561.74,2561.74,2561.74,2561.74,0,0,0
2019-12-23 09:15:00+01:00,2561.73,2561.91,2561.73,2561.91,0,0,0
2019-12-23 09:16:00+01:00,2562.31,2562.31,2561.75,2561.75,0,0,0
2019-12-23 09:17:00+01:00,2561.52,2561.86,2561.52,2561.86,0,0,0
2019-12-23 09:18:00+01:00,2562.09,2562.09,2561.83,2561.83,0,0,0
2019-12-23 09:19:00+01:00,2562.17,2562.28,2562.17,2562.28,0,0,0
2019-12-23 09:20:00+01:00,2562.25,2563.27,2562.25,2563.27,0,0,0
2019-12-23 09:21:00+01:00,2562.92,2563.08,2562.92,2563.08,0,0,0
2019-12-23 09:22:00+01:00,2562.76,2562.76,2562.52,2562.52,0,0,0
2019-12-23 09:23:00+01:00,2562.72,2562.77,2562.72,2562.77,0,0,0
2019-12-23 09:24:00+01:00,2562.61,2562.87,2562.61,2562.87,0,0,0
2019-12-23 09:25:00+01:00,2563.19,2563.19,2563.08,2563.08,0,0,0
2019-12-23 09:26:00+01:00,2563.05,2563.05,2563.01,2563.01,0,0,0
2019-12-23 09:27:00+01:00,2562.49,2562.49,2562.49,2562.49,0,0,0
2019-12-23 09:28:00+01:00,2562.98,2562.99,2562.98,2562.99,0,0,0
2019-12-23 09:29:00+01:00,2563.49,2563.99,2563.49,2563.99,0,0,0
2019-12-23 09:30:00+01:00,2564.17,2564.17,2563.58,2563.58,0,0,0
2019-12-23 09:31:00+01:00,2563.61,2563.61,2563.46,2563.46,0,0,0
2019-12-23 09:32:00+01:00,2563.1,2563.1,2562.75,2562.75,0,0,0
2019-12-23 09:33:00+01:00,2563.07,2563.07,2562.41,2562.41,0,0,0
2019-12-23 09:34:00+01:00,2561.94,2561.94,2561.82,2561.82,0,0,0
2019-12-23 09:35:00+01:00,2561.97,2562.22,2561.97,2562.22,0,0,0
2019-12-23 09:36:00+01:00,2562.68,2562.94,2562.68,2562.94,0,0,0
2019-12-23 09:37:00+01:00,2563.41,2563.99,2563.41,2563.99,0,0,0
2019-12-23 09:38:00+01:00,2564.17,2564.17,2564.17,2564.17,0,0,0
2019-12-23 09:39:00+01:00,2564.28,2564.28,2564.16,2564.16,0,0,0
2019-12-23 09:40:00+01:00,2564.31,2564.31,2564.04,2564.04,0,0,0
2019-12-23 09:41:00+01:00,2563.74,2564.13,2563.74,2564.13,0,0,0
2019-12-23 09:42:00+01:00,2565.05,2565.05,2565.05,2565.05,0,0,0
2019-12-23 09:43:00+01:00,2565.43,2565.43,2565.33,2565.33,0,0,0
2019-12-23 09:44:00+01:00,2565.08,2565.76,2565.08,2565.76,0,0,0
2019-12-23 09:45:00+01:00,2566.11,2566.11,2565.61,2565.61,0,0,0
2019-12-23 09:46:00+01:00,2566.03,2566.1,2566.03,2566.1,0,0,0
2019-12-23 09:47:00+01:00,2566.26,2566.3,2566.26,2566.3,0,0,0
2019-12-23 09:48:00+01:00,2566.33,2566.42,2566.33,2566.42,0,0,0
2019-12-23 09:49:00+01:00,2566.16,2566.16,2566.16,2566.16,0,0,0
2019-12-23 09:50:00+01:00,2565.15,2565.15,2564.58,2564.58,0,0,0
2019-12-23 09:51:00+01:00,2564.6,2564.6,2564.19,2564.19,0,0,0
2019-12-23 09:52:00+01:00,2564.71,2564.71,2564.65,2564.65,0,0,0
2019-12-23 09:53:00+01:00,2564.73,2565.07,2564.73,2565.07,0,0,0
2019-12-23 09:54:00+01:00,2564.45,2564.83,2564.45,2564.83,0,0,0
2019-12-23 09:55:00+01:00,2564.49,2564.49,2564.22,2564.22,0,0,0
2019-12-23 09:56:00+01:00,2564.24,2564.24,2564.0,2564.0,0,0,0
2019-12-23 09:57:00+01:00,2564.19,2564.19,2563.88,2563.88,0,0,0
2019-12-23 09:58:00+01:00,2563.91,2563.91,2563.59,2563.59,0,0,0
2019-12-23 09:59:00+01:00,2563.18,2563.34,2563.18,2563.34,0,0,0
2019-12-23 10:00:00+01:00,2563.36,2563.36,2562.49,2562.49,0,0,0
2019-12-23 10:01:00+01:00,2562.48,2562.48,2562.2,2562.2,0,0,0
2019-12-23 10:02:00+01:00,2562.09,2562.09,2561.68,2561.68,0,0,0
2019-12-23 10:03:00+01:00,2562.14,2562.68,2562.14,2562.68,0,0,0
2019-12-23 10:04:00+01:00,2563.13,2563.13,2563.08,2563.08,0,0,0
2019-12-23 10:05:00+01:00,2563.69,2563.83,2563.69,2563.83,0,0,0
2019-12-23 10:06:00+01:00,2564.14,2564.29,2564.14,2564.29,0,0,0
2019-12-23 10:07:00+01:00,2564.56,2564.93,2564.56,2564.93,0,0,0
2019-12-23 10:08:00+01:00,2565.47,2565.47,2565.47,2565.47,0,0,0
2019-12-23 10:09:00+01:00,2565.86,2565.88,2565.86,2565.88,0,0,0
2019-12-23 10:10:00+01:00,2565.81,2566.13,2565.81,2566.13,0,0,0
2019-12-23 10:11:00+01:00,2565.95,2565.95,2565.85,2565.85,0,0,0
2019-12-23 10:12:00+01:00,2566.08,2566.08,2565.33,2565.33,0,0,0
2019-12-23 10:13:00+01:00,2565.18,2565.25,2565.18,2565.25,0,0,0
2019-12-23 10:14:00+01:00,2565.1,2565.42,2565.1,2565.42,0,0,0
2019-12-23 10:15:00+01:00,2565.27,2565.3,2565.27,2565.3,0,0,0
2019-12-23 10:16:00+01:00,2564.65,2564.73,2564.65,2564.73,0,0,0
2019-12-23 10:17:00+01:00,2565.53,2568.26,2565.53,2568.26,0,0,0
2019-12-23 10:18:00+01:00,2567.08,2567.08,2566.95,2566.95,0,0,0
2019-12-23 10:19:00+01:00,2566.95,2567.12,2566.95,2567.12,0,0,0
2019-12-23 10:20:00+01:00,2567.25,2567.31,2567.25,2567.31,0,0,0
2019-12-23 10:21:00+01:00,2567.47,2567.86,2567.47,2567.86,0,0,0
2019-12-23 10:22:00+01:00,2567.89,2567.89,2567.39,2567.39,0,0,0
2019-12-23 10:23:00+01:00,2567.09,2567.41,2567.09,2567.41,0,0,0
2019-12-23 10:24:00+01:00,2567.29,2567.74,2567.29,2567.74,0,0,0
2019-12-23 10:25:00+01:00,2568.07,2568.44,2568.07,2568.44,0,0,0
2019-12-23 10:26:00+01:00,2568.58,2568.8,2568.58,2568.8,0,0,0
2019-12-23 10:27:00+01:00,2568.63,2568.76,2568.63,2568.76,0,0,0
2019-12-23 10:28:00+01:00,2568.9,2568.94,2568.9,2568.94,0,0,0
2019-12-23 10:29:00+01:00,2568.52,2568.94,2568.52,2568.94,0,0,0
2019-12-23 10:30:00+01:00,2568.93,2569.16,2568.93,2569.16,0,0,0
2019-12-23 10:31:00+01:00,2568.94,2569.31,2568.94,2569.31,0,0,0
2019-12-23 10:32:00+01:00,2569.78,2569.88,2569.78,2569.88,0,0,0
2019-12-23 10:33:00+01:00,2569.62,2569.62,2569.39,2569.39,0,0,0
2019-12-23 10:34:00+01:00,2569.23,2569.23,2569.06,2569.06,0,0,0
2019-12-23 10:35:00+01:00,2568.9,2569.18,2568.9,2569.18,0,0,0
2019-12-23 10:36:00+01:00,2569.36,2569.36,2569.3,2569.3,0,0,0
2019-12-23 10:37:00+01:00,2569.26,2569.26,2569.1,2569.1,0,0,0
2019-12-23 10:38:00+01:00,2569.08,2569.08,2568.72,2568.72,0,0,0
2019-12-23 10:39:00+01:00,2568.54,2568.94,2568.54,2568.94,0,0,0
2019-12-23 10:40:00+01:00,2569.28,2569.28,2569.09,2569.09,0,0,0
2019-12-23 10:41:00+01:00,2569.13,2569.37,2569.13,2569.37,0,0,0
2019-12-23 10:42:00+01:00,2569.57,2569.57,2569.43,2569.43,0,0,0
2019-12-23 10:43:00+01:00,2569.56,2570.19,2569.56,2570.19,0,0,0
2019-12-23 10:44:00+01:00,2570.35,2570.35,2570.35,2570.35,0,0,0
2019-12-23 10:45:00+01:00,2570.35,2570.35,2570.28,2570.28,0,0,0
2019-12-23 10:46:00+01:00,2569.75,2569.75,2569.58,2569.58,0,0,0
2019-12-23 10:47:00+01:00,2570.06,2570.1,2570.06,2570.1,0,0,0
2019-12-23 10:48:00+01:00,2569.82,2569.91,2569.82,2569.91,0,0,0
2019-12-23 10:49:00+01:00,2570.18,2570.77,2570.18,2570.77,0,0,0
2019-12-23 10:50:00+01:00,2571.05,2571.05,2570.83,2570.83,0,0,0
2019-12-23 10:51:00+01:00,2570.42,2570.48,2570.42,2570.48,0,0,0
2019-12-23 10:52:00+01:00,2570.28,2570.28,2570.09,2570.09,0,0,0
2019-12-23 10:53:00+01:00,2570.2,2570.4,2570.2,2570.4,0,0,0
2019-12-23 10:54:00+01:00,2570.54,2570.54,2570.47,2570.47,0,0,0
2019-12-23 10:55:00+01:00,2570.48,2570.48,2570.46,2570.46,0,0,0
2019-12-23 10:56:00+01:00,2570.93,2571.36,2570.93,2571.36,0,0,0
2019-12-23 10:57:00+01:00,2571.53,2571.79,2571.53,2571.79,0,0,0
2019-12-23 10:58:00+01:00,2571.63,2571.66,2571.63,2571.66,0,0,0
2019-12-23 10:59:00+01:00,2571.69,2571.69,2571.6,2571.6,0,0,0
2019-12-23 11:00:00+01:00,2571.68,2571.68,2571.68,2571.68,0,0,0
2019-12-23 11:01:00+01:00,2570.88,2571.25,2570.88,2571.25,0,0,0
2019-12-23 11:02:00+01:00,2571.79,2571.94,2571.79,2571.94,0,0,0
2019-12-23 11:03:00+01:00,2571.79,2571.81,2571.79,2571.81,0,0,0
2019-12-23 11:04:00+01:00,2572.12,2572.12,2571.77,2571.77,0,0,0
2019-12-23 11:05:00+01:00,2571.71,2571.71,2571.45,2571.45,0,0,0
2019-12-23 11:06:00+01:00,2571.29,2571.29,2571.14,2571.14,0,0,0
2019-12-23 11:07:00+01:00,2571.16,2571.21,2571.16,2571.21,0,0,0
2019-12-23 11:08:00+01:00,2571.21,2571.21,2570.89,2570.89,0,0,0
2019-12-23 11:09:00+01:00,2571.4,2571.64,2571.4,2571.64,0,0,0
2019-12-23 11:10:00+01:00,2571.85,2571.85,2571.54,2571.54,0,0,0
2019-12-23 11:11:00+01:00,2571.54,2571.54,2570.64,2570.64,0,0,0
2019-12-23 11:12:00+01:00,2570.95,2570.97,2570.95,2570.97,0,0,0
2019-12-23 11:13:00+01:00,2571.06,2571.06,2570.93,2570.93,0,0,0
2019-12-23 11:14:00+01:00,2571.3,2571.3,2571.2,2571.2,0,0,0
2019-12-23 11:15:00+01:00,2571.13,2571.13,2570.88,2570.88,0,0,0
2019-12-23 11:16:00+01:00,2570.7,2570.73,2570.68,2570.73,0,0,0
2019-12-23 11:17:00+01:00,2570.51,2570.51,2570.26,2570.26,0,0,0
2019-12-23 11:18:00+01:00,2570.51,2570.51,2570.32,2570.32,0,0,0
2019-12-23 11:19:00+01:00,2570.16,2570.26,2570.16,2570.26,0,0,0
2019-12-23 11:20:00+01:00,2570.3,2570.55,2570.3,2570.55,0,0,0
2019-12-23 11:21:00+01:00,2570.46,2570.46,2570.27,2570.27,0,0,0
2019-12-23 11:22:00+01:00,2570.05,2570.05,2569.86,2569.86,0,0,0
2019-12-23 11:23:00+01:00,2570.03,2570.39,2570.03,2570.39,0,0,0
2019-12-23 11:24:00+01:00,2570.02,2570.02,2569.79,2569.79,0,0,0
2019-12-23 11:25:00+01:00,2569.74,2569.84,2569.74,2569.84,0,0,0
2019-12-23 11:26:00+01:00,2569.65,2569.65,2569.65,2569.65,0,0,0
2019-12-23 11:27:00+01:00,2569.73,2569.73,2569.67,2569.67,0,0,0
2019-12-23 11:28:00+01:00,2569.51,2569.51,2569.43,2569.43,0,0,0
2019-12-23 11:29:00+01:00,2569.39,2569.4,2569.39,2569.4,0,0,0
2019-12-23 11:30:00+01:00,2569.55,2569.7,2569.55,2569.7,0,0,0
2019-12-23 11:31:00+01:00,2569.65,2569.68,2569.65,2569.68,0,0,0
2019-12-23 11:32:00+01:00,2569.31,2569.36,2569.31,2569.36,0,0,0
2019-12-23 11:33:00+01:00,2569.51,2569.99,2569.51,2569.99,0,0,0
2019-12-23 11:34:00+01:00,2569.74,2569.85,2569.74,2569.85,0,0,0
2019-12-23 11:35:00+01:00,2570.23,2570.23,2570.11,2570.11,0,0,0
2019-12-23 11:36:00+01:00,2570.25,2570.25,2570.1,2570.1,0,0,0
2019-12-23 11:37:00+01:00,2569.98,2569.98,2569.97,2569.97,0,0,0
2019-12-23 11:38:00+01:00,2569.63,2569.63,2569.34,2569.34,0,0,0
2019-12-23 11:39:00+01:00,2569.37,2569.37,2569.33,2569.33,0,0,0
2019-12-23 11:40:00+01:00,2569.21,2569.21,2569.17,2569.17,0,0,0
2019-12-23 11:41:00+01:00,2569.2,2569.4,2569.2,2569.4,0,0,0
2019-12-23 11:42:00+01:00,2569.47,2569.47,2569.37,2569.37,0,0,0
2019-12-23 11:43:00+01:00,2569.48,2569.48,2569.4,2569.4,0,0,0
2019-12-23 11:44:00+01:00,2569.49,2569.49,2569.29,2569.29,0,0,0
2019-12-23 11:45:00+01:00,2569.31,2569.31,2568.99,2568.99,0,0,0
2019-12-23 11:46:00+01:00,2569.08,2569.08,2568.63,2568.63,0,0,0
2019-12-23 11:47:00+01:00,2568.98,2569.12,2568.98,2569.12,0,0,0
2019-12-23 11:48:00+01:00,2568.93,2568.93,2568.85,2568.85,0,0,0
2019-12-23 11:49:00+01:00,2568.77,2568.77,2568.69,2568.69,0,0,0
2019-12-23 11:50:00+01:00,2569.58,2569.68,2569.58,2569.68,0,0,0
2019-12-23 11:51:00+01:00,2569.72,2569.94,2569.72,2569.94,0,0,0
2019-12-23 11:52:00+01:00,2570.11,2570.64,2570.11,2570.64,0,0,0
2019-12-23 11:53:00+01:00,2570.73,2570.82,2570.73,2570.73,0,0,0
2019-12-23 11:54:00+01:00,2570.09,2570.09,2570.0,2570.0,0,0,0
2019-12-23 11:55:00+01:00,2570.14,2570.14,2570.11,2570.11,0,0,0
2019-12-23 11:56:00+01:00,2570.32,2570.32,2570.24,2570.24,0,0,0
2019-12-23 11:57:00+01:00,2570.49,2570.49,2570.4,2570.4,0,0,0
2019-12-23 11:58:00+01:00,2570.58,2570.58,2570.58,2570.58,0,0,0
2019-12-23 11:59:00+01:00,2570.6,2570.68,2570.6,2570.68,0,0,0
2019-12-23 12:00:00+01:00,2570.69,2571.04,2570.69,2571.04,0,0,0
2019-12-23 12:01:00+01:00,2570.99,2571.11,2570.99,2571.11,0,0,0
2019-12-23 12:02:00+01:00,2571.21,2571.21,2570.91,2570.91,0,0,0
2019-12-23 12:03:00+01:00,2570.76,2570.76,2570.7,2570.7,0,0,0
2019-12-23 12:04:00+01:00,2570.78,2570.92,2570.78,2570.92,0,0,0
2019-12-23 12:05:00+01:00,2571.02,2571.57,2571.02,2571.57,0,0,0
2019-12-23 12:06:00+01:00,2571.61,2572.1,2571.61,2572.1,0,0,0
2019-12-23 12:07:00+01:00,2572.0,2572.08,2572.0,2572.08,0,0,0
2019-12-23 12:08:00+01:00,2572.17,2572.17,2571.91,2571.91,0,0,0
2019-12-23 12:09:00+01:00,2571.82,2571.82,2571.63,2571.63,0,0,0
2019-12-23 12:10:00+01:00,2571.37,2571.37,2571.2,2571.2,0,0,0
2019-12-23 12:11:00+01:00,2571.16,2571.42,2571.16,2571.3,0,0,0
2019-12-23 12:12:00+01:00,2572.16,2572.16,2571.89,2571.89,0,0,0
2019-12-23 12:13:00+01:00,2571.92,2572.05,2571.92,2572.04,0,0,0
2019-12-23 12:14:00+01:00,2572.15,2572.28,2572.15,2572.28,0,0,0
2019-12-23 12:15:00+01:00,2572.45,2572.45,2572.25,2572.25,0,0,0
2019-12-23 12:16:00+01:00,2572.11,2572.52,2572.11,2572.52,0,0,0
2019-12-23 12:17:00+01:00,2572.66,2572.66,2572.44,2572.44,0,0,0
2019-12-23 12:18:00+01:00,2572.5,2572.7,2572.5,2572.7,0,0,0
2019-12-23 12:19:00+01:00,2572.72,2573.01,2572.72,2572.96,0,0,0
2019-12-23 12:20:00+01:00,2572.96,2572.96,2572.81,2572.81,0,0,0
2019-12-23 12:21:00+01:00,2572.61,2572.61,2572.6,2572.6,0,0,0
2019-12-23 12:22:00+01:00,2572.23,2572.23,2571.99,2571.99,0,0,0
2019-12-23 12:23:00+01:00,2571.9,2571.9,2571.76,2571.76,0,0,0
2019-12-23 12:24:00+01:00,2571.82,2571.82,2571.53,2571.53,0,0,0
2019-12-23 12:25:00+01:00,2571.45,2571.62,2571.45,2571.62,0,0,0
2019-12-23 12:26:00+01:00,2571.38,2571.38,2571.3,2571.3,0,0,0
2019-12-23 12:27:00+01:00,2571.14,2571.28,2571.14,2571.28,0,0,0
2019-12-23 12:28:00+01:00,2571.41,2571.41,2571.18,2571.24,0,0,0
2019-12-23 12:29:00+01:00,2571.1,2571.38,2571.1,2571.38,0,0,0
2019-12-23 12:30:00+01:00,2571.47,2571.47,2570.91,2570.91,0,0,0
2019-12-23 12:31:00+01:00,2571.1,2571.1,2570.65,2570.65,0,0,0
2019-12-23 12:32:00+01:00,2570.67,2570.67,2570.67,2570.67,0,0,0
2019-12-23 12:33:00+01:00,2570.86,2570.86,2570.83,2570.83,0,0,0
2019-12-23 12:34:00+01:00,2570.65,2570.81,2570.65,2570.81,0,0,0
2019-12-23 12:35:00+01:00,2570.55,2570.55,2570.07,2570.07,0,0,0
2019-12-23 12:36:00+01:00,2570.34,2570.34,2569.82,2569.82,0,0,0
2019-12-23 12:37:00+01:00,2570.02,2570.02,2569.77,2569.77,0,0,0
2019-12-23 12:38:00+01:00,2570.06,2570.06,2569.98,2569.98,0,0,0
2019-12-23 12:39:00+01:00,2570.56,2570.56,2570.53,2570.53,0,0,0
2019-12-23 12:40:00+01:00,2570.64,2570.64,2570.63,2570.63,0,0,0
2019-12-23 12:41:00+01:00,2570.39,2570.39,2570.1,2570.1,0,0,0
2019-12-23 12:42:00+01:00,2570.25,2570.25,2570.25,2570.25,0,0,0
2019-12-23 12:43:00+01:00,2570.41,2570.41,2570.2,2570.2,0,0,0
2019-12-23 12:44:00+01:00,2570.21,2570.21,2570.08,2570.08,0,0,0
2019-12-23 12:45:00+01:00,2570.14,2570.19,2570.14,2570.19,0,0,0
2019-12-23 12:46:00+01:00,2570.57,2570.65,2570.49,2570.49,0,0,0
2019-12-23 12:47:00+01:00,2570.68,2570.75,2570.68,2570.75,0,0,0
2019-12-23 12:48:00+01:00,2570.75,2570.75,2570.37,2570.37,0,0,0
2019-12-23 12:49:00+01:00,2570.66,2570.81,2570.62,2570.62,0,0,0
2019-12-23 12:50:00+01:00,2571.05,2571.05,2571.01,2571.01,0,0,0
2019-12-23 12:51:00+01:00,2570.95,2570.95,2570.63,2570.63,0,0,0
2019-12-23 12:52:00+01:00,2570.55,2570.72,2570.55,2570.72,0,0,0
2019-12-23 12:53:00+01:00,2570.72,2570.93,2570.72,2570.93,0,0,0
2019-12-23 12:54:00+01:00,2570.71,2570.71,2570.5,2570.5,0,0,0
2019-12-23 12:55:00+01:00,2570.93,2570.93,2570.74,2570.74,0,0,0
2019-12-23 12:56:00+01:00,2570.81,2570.82,2570.81,2570.82,0,0,0
2019-12-23 12:57:00+01:00,2570.59,2570.59,2570.46,2570.46,0,0,0
2019-12-23 12:58:00+01:00,2570.53,2570.53,2570.05,2570.05,0,0,0
2019-12-23 12:59:00+01:00,2570.19,2570.43,2570.19,2570.43,0,0,0
2019-12-23 13:00:00+01:00,2570.92,2570.92,2570.75,2570.75,0,0,0
2019-12-23 13:01:00+01:00,2570.66,2570.78,2570.66,2570.78,0,0,0
2019-12-23 13:02:00+01:00,2570.53,2570.53,2570.32,2570.32,0,0,0
2019-12-23 13:03:00+01:00,2570.5,2570.76,2570.5,2570.76,0,0,0
2019-12-23 13:04:00+01:00,2570.84,2571.21,2570.84,2571.19,0,0,0
2019-12-23 13:05:00+01:00,2571.17,2571.17,2570.93,2570.93,0,0,0
2019-12-23 13:06:00+01:00,2570.7,2570.9,2570.7,2570.9,0,0,0
2019-12-23 13:07:00+01:00,2571.28,2571.31,2571.28,2571.31,0,0,0
2019-12-23 13:08:00+01:00,2571.25,2571.3,2571.25,2571.3,0,0,0
2019-12-23 13:09:00+01:00,2571.28,2571.79,2571.28,2571.79,0,0,0
2019-12-23 13:10:00+01:00,2571.9,2571.9,2571.54,2571.54,0,0,0
2019-12-23 13:11:00+01:00,2571.55,2571.56,2571.55,2571.56,0,0,0
2019-12-23 13:12:00+01:00,2571.5,2571.5,2571.49,2571.49,0,0,0
2019-12-23 13:13:00+01:00,2571.45,2571.45,2571.23,2571.34,0,0,0
2019-12-23 13:14:00+01:00,2571.29,2571.29,2571.21,2571.21,0,0,0
2019-12-23 13:15:00+01:00,2571.01,2571.13,2571.01,2571.13,0,0,0
2019-12-23 13:17:00+01:00,2570.94,2570.94,2570.59,2570.59,0,0,0
2019-12-23 13:18:00+01:00,2570.62,2570.62,2570.58,2570.58,0,0,0
2019-12-23 13:19:00+01:00,2570.66,2570.89,2570.66,2570.89,0,0,0
2019-12-23 13:20:00+01:00,2571.04,2571.04,2570.84,2570.84,0,0,0
2019-12-23 13:21:00+01:00,2571.0,2571.0,2570.81,2570.85,0,0,0
2019-12-23 13:22:00+01:00,2571.04,2571.04,2570.65,2570.65,0,0,0
2019-12-23 13:23:00+01:00,2570.7,2570.95,2570.7,2570.92,0,0,0
2019-12-23 13:24:00+01:00,2570.98,2570.98,2570.81,2570.81,0,0,0
2019-12-23 13:25:00+01:00,2570.12,2570.12,2569.9,2569.9,0,0,0
2019-12-23 13:26:00+01:00,2570.01,2570.02,2570.01,2570.02,0,0,0
2019-12-23 13:27:00+01:00,2570.06,2570.22,2570.06,2570.22,0,0,0
2019-12-23 13:28:00+01:00,2570.19,2570.19,2570.19,2570.19,0,0,0
2019-12-23 13:29:00+01:00,2570.29,2570.39,2570.29,2570.39,0,0,0
2019-12-23 13:30:00+01:00,2570.26,2570.38,2570.26,2570.38,0,0,0
2019-12-23 13:31:00+01:00,2570.4,2570.4,2570.37,2570.37,0,0,0
2019-12-23 13:32:00+01:00,2570.45,2570.55,2570.45,2570.55,0,0,0
2019-12-23 13:33:00+01:00,2570.57,2570.78,2570.57,2570.78,0,0,0
2019-12-23 13:34:00+01:00,2570.95,2571.17,2570.95,2571.17,0,0,0
2019-12-23 13:35:00+01:00,2571.15,2571.19,2571.15,2571.19,0,0,0
2019-12-23 13:36:00+01:00,2571.12,2571.12,2571.12,2571.12,0,0,0
2019-12-23 13:37:00+01:00,2571.5,2571.5,2571.46,2571.46,0,0,0
2019-12-23 13:38:00+01:00,2571.22,2571.22,2571.08,2571.08,0,0,0
2019-12-23 13:39:00+01:00,2571.08,2571.08,2570.97,2570.97,0,0,0
2019-12-23 13:40:00+01:00,2570.77,2570.77,2570.66,2570.66,0,0,0
2019-12-23 13:41:00+01:00,2570.39,2570.39,2570.1,2570.1,0,0,0
2019-12-23 13:42:00+01:00,2569.89,2569.95,2569.89,2569.95,0,0,0
2019-12-23 13:43:00+01:00,2569.9,2569.96,2569.85,2569.85,0,0,0
2019-12-23 13:44:00+01:00,2569.83,2569.83,2569.8,2569.8,0,0,0
2019-12-23 13:45:00+01:00,2569.82,2569.82,2569.76,2569.76,0,0,0
2019-12-23 13:46:00+01:00,2569.69,2569.69,2569.59,2569.59,0,0,0
2019-12-23 13:47:00+01:00,2569.56,2569.72,2569.56,2569.72,0,0,0
2019-12-23 13:48:00+01:00,2569.7,2569.74,2569.7,2569.74,0,0,0
2019-12-23 13:49:00+01:00,2569.81,2570.04,2569.81,2570.04,0,0,0
2019-12-23 13:50:00+01:00,2569.99,2569.99,2569.93,2569.93,0,0,0
2019-12-23 13:51:00+01:00,2570.06,2570.2,2570.06,2570.2,0,0,0
2019-12-23 13:52:00+01:00,2570.22,2570.22,2570.13,2570.13,0,0,0
2019-12-23 13:53:00+01:00,2570.91,2570.91,2570.67,2570.67,0,0,0
2019-12-23 13:54:00+01:00,2570.44,2570.44,2570.44,2570.44,0,0,0
2019-12-23 13:55:00+01:00,2571.01,2571.09,2571.01,2571.09,0,0,0
2019-12-23 13:56:00+01:00,2571.07,2571.07,2571.03,2571.03,0,0,0
2019-12-23 13:57:00+01:00,2571.21,2571.21,2570.95,2570.95,0,0,0
2019-12-23 13:58:00+01:00,2571.03,2571.03,2570.88,2570.88,0,0,0
2019-12-23 13:59:00+01:00,2571.06,2571.11,2571.06,2571.11,0,0,0
2019-12-23 14:00:00+01:00,2571.17,2571.19,2571.17,2571.19,0,0,0
2019-12-23 14:01:00+01:00,2571.13,2571.26,2571.13,2571.26,0,0,0
2019-12-23 14:02:00+01:00,2571.35,2571.66,2571.35,2571.66,0,0,0
2019-12-23 14:03:00+01:00,2571.88,2571.88,2571.79,2571.79,0,0,0
2019-12-23 14:04:00+01:00,2571.81,2571.81,2571.73,2571.73,0,0,0
2019-12-23 14:05:00+01:00,2571.57,2571.74,2571.57,2571.74,0,0,0
2019-12-23 14:06:00+01:00,2571.09,2571.09,2571.02,2571.02,0,0,0
2019-12-23 14:07:00+01:00,2570.99,2570.99,2570.98,2570.98,0,0,0
2019-12-23 14:08:00+01:00,2570.62,2570.65,2570.62,2570.65,0,0,0
2019-12-23 14:09:00+01:00,2570.77,2570.79,2570.77,2570.79,0,0,0
2019-12-23 14:10:00+01:00,2570.67,2571.0,2570.67,2571.0,0,0,0
2019-12-23 14:11:00+01:00,2571.08,2571.08,2570.89,2570.89,0,0,0
2019-12-23 14:12:00+01:00,2570.58,2570.7,2570.58,2570.7,0,0,0
2019-12-23 14:13:00+01:00,2570.48,2570.48,2570.44,2570.44,0,0,0
2019-12-23 14:14:00+01:00,2570.47,2570.53,2570.47,2570.53,0,0,0
2019-12-23 14:15:00+01:00,2570.45,2570.47,2570.45,2570.47,0,0,0
2019-12-23 14:16:00+01:00,2570.31,2570.31,2570.26,2570.26,0,0,0
2019-12-23 14:17:00+01:00,2570.38,2570.38,2570.37,2570.37,0,0,0
2019-12-23 14:18:00+01:00,2570.3,2570.3,2570.16,2570.16,0,0,0
2019-12-23 14:19:00+01:00,2570.11,2570.11,2569.91,2569.91,0,0,0
2019-12-23 14:20:00+01:00,2569.98,2569.98,2569.83,2569.83,0,0,0
2019-12-23 14:21:00+01:00,2569.83,2569.9,2569.83,2569.9,0,0,0
2019-12-23 14:22:00+01:00,2570.43,2570.43,2570.37,2570.37,0,0,0
2019-12-23 14:23:00+01:00,2570.62,2570.71,2570.62,2570.71,0,0,0
2019-12-23 14:24:00+01:00,2570.93,2570.93,2570.89,2570.89,0,0,0
2019-12-23 14:25:00+01:00,2570.93,2570.93,2570.78,2570.78,0,0,0
2019-12-23 14:26:00+01:00,2570.93,2571.05,2570.93,2571.05,0,0,0
2019-12-23 14:27:00+01:00,2570.95,2570.99,2570.95,2570.99,0,0,0
2019-12-23 14:28:00+01:00,2570.89,2570.89,2570.64,2570.7,0,0,0
2019-12-23 14:29:00+01:00,2570.41,2570.41,2570.3,2570.3,0,0,0
2019-12-23 14:30:00+01:00,2570.04,2570.21,2570.04,2570.21,0,0,0
2019-12-23 14:31:00+01:00,2570.81,2570.81,2570.55,2570.55,0,0,0
2019-12-23 14:32:00+01:00,2570.45,2570.45,2570.42,2570.42,0,0,0
2019-12-23 14:33:00+01:00,2570.52,2570.52,2570.4,2570.4,0,0,0
2019-12-23 14:34:00+01:00,2570.71,2570.71,2570.52,2570.52,0,0,0
2019-12-23 14:35:00+01:00,2570.49,2570.49,2570.45,2570.45,0,0,0
2019-12-23 14:36:00+01:00,2570.39,2570.49,2570.39,2570.49,0,0,0
2019-12-23 14:37:00+01:00,2570.85,2570.97,2570.85,2570.97,0,0,0
2019-12-23 14:38:00+01:00,2571.17,2571.17,2571.13,2571.13,0,0,0
2019-12-23 14:39:00+01:00,2571.31,2571.31,2571.12,2571.12,0,0,0
2019-12-23 14:40:00+01:00,2571.13,2571.13,2570.96,2570.96,0,0,0
2019-12-23 14:41:00+01:00,2571.03,2571.64,2571.03,2571.64,0,0,0
2019-12-23 14:42:00+01:00,2571.32,2571.33,2571.32,2571.33,0,0,0
2019-12-23 14:43:00+01:00,2571.43,2571.43,2571.16,2571.16,0,0,0
2019-12-23 14:44:00+01:00,2571.1,2571.19,2571.1,2571.19,0,0,0
2019-12-23 14:45:00+01:00,2571.19,2571.19,2571.11,2571.11,0,0,0
2019-12-23 14:46:00+01:00,2570.85,2571.11,2570.85,2571.11,0,0,0
2019-12-23 14:47:00+01:00,2571.22,2571.27,2571.22,2571.27,0,0,0
2019-12-23 14:48:00+01:00,2571.15,2571.24,2571.15,2571.24,0,0,0
2019-12-23 14:49:00+01:00,2571.02,2571.2,2571.02,2571.2,0,0,0
2019-12-23 14:50:00+01:00,2571.27,2571.55,2571.27,2571.55,0,0,0
2019-12-23 14:51:00+01:00,2571.34,2571.34,2571.23,2571.23,0,0,0
2019-12-23 14:52:00+01:00,2571.27,2571.52,2571.27,2571.52,0,0,0
2019-12-23 14:53:00+01:00,2571.73,2571.73,2571.73,2571.73,0,0,0
2019-12-23 14:54:00+01:00,2571.63,2571.63,2571.59,2571.59,0,0,0
2019-12-23 14:55:00+01:00,2571.02,2571.02,2570.95,2570.95,0,0,0
2019-12-23 14:56:00+01:00,2570.94,2571.03,2570.94,2571.03,0,0,0
2019-12-23 14:57:00+01:00,2570.25,2570.45,2570.25,2570.45,0,0,0
2019-12-23 14:58:00+01:00,2570.63,2570.89,2570.63,2570.89,0,0,0
2019-12-23 14:59:00+01:00,2571.0,2571.02,2571.0,2571.02,0,0,0
2019-12-23 15:00:00+01:00,2571.13,2571.13,2570.8,2570.8,0,0,0
2019-12-23 15:01:00+01:00,2570.99,2571.04,2570.99,2571.04,0,0,0
2019-12-23 15:02:00+01:00,2571.25,2571.25,2571.07,2571.07,0,0,0
2019-12-23 15:03:00+01:00,2570.92,2570.92,2570.92,2570.92,0,0,0
2019-12-23 15:04:00+01:00,2571.06,2571.24,2571.06,2571.24,0,0,0
2019-12-23 15:05:00+01:00,2571.32,2571.47,2571.32,2571.47,0,0,0
2019-12-23 15:06:00+01:00,2571.4,2571.4,2571.39,2571.39,0,0,0
2019-12-23 15:07:00+01:00,2571.37,2571.58,2571.37,2571.58,0,0,0
2019-12-23 15:08:00+01:00,2571.6,2571.65,2571.6,2571.65,0,0,0
2019-12-23 15:09:00+01:00,2571.19,2571.19,2571.1,2571.1,0,0,0
2019-12-23 15:10:00+01:00,2571.3,2571.3,2571.28,2571.28,0,0,0
2019-12-23 15:11:00+01:00,2571.15,2571.32,2571.15,2571.32,0,0,0
2019-12-23 15:12:00+01:00,2571.43,2571.59,2571.43,2571.59,0,0,0
2019-12-23 15:13:00+01:00,2571.51,2571.83,2571.51,2571.83,0,0,0
2019-12-23 15:14:00+01:00,2571.83,2571.85,2571.83,2571.85,0,0,0
2019-12-23 15:15:00+01:00,2571.92,2571.92,2571.8,2571.8,0,0,0
2019-12-23 15:16:00+01:00,2572.0,2572.13,2572.0,2572.13,0,0,0
2019-12-23 15:17:00+01:00,2572.01,2572.04,2572.01,2572.04,0,0,0
2019-12-23 15:18:00+01:00,2571.78,2571.78,2571.73,2571.73,0,0,0
2019-12-23 15:19:00+01:00,2571.45,2571.45,2571.45,2571.45,0,0,0
2019-12-23 15:20:00+01:00,2571.0,2571.24,2571.0,2571.24,0,0,0
2019-12-23 15:21:00+01:00,2571.27,2571.27,2571.27,2571.27,0,0,0
2019-12-23 15:22:00+01:00,2571.08,2571.08,2570.89,2570.89,0,0,0
2019-12-23 15:23:00+01:00,2571.07,2571.07,2571.07,2571.07,0,0,0
2019-12-23 15:24:00+01:00,2571.08,2571.08,2571.08,2571.08,0,0,0
2019-12-23 15:25:00+01:00,2570.96,2570.98,2570.96,2570.98,0,0,0
2019-12-23 15:26:00+01:00,2570.94,2570.94,2570.94,2570.94,0,0,0
2019-12-23 15:27:00+01:00,2570.99,2571.11,2570.99,2571.11,0,0,0
2019-12-23 15:28:00+01:00,2571.24,2571.24,2571.11,2571.11,0,0,0
2019-12-23 15:29:00+01:00,2571.17,2571.17,2571.17,2571.17,0,0,0
2019-12-23 15:30:00+01:00,2571.57,2571.57,2571.57,2571.57,0,0,0
2019-12-23 15:31:00+01:00,2571.15,2571.15,2570.98,2570.98,0,0,0
2019-12-23 15:32:00+01:00,2571.12,2571.12,2571.12,2571.12,0,0,0
2019-12-23 15:33:00+01:00,2570.83,2570.98,2570.83,2570.98,0,0,0
2019-12-23 15:34:00+01:00,2571.13,2571.13,2571.13,2571.13,0,0,0
2019-12-23 15:35:00+01:00,2571.28,2571.28,2571.21,2571.21,0,0,0
2019-12-23 15:36:00+01:00,2571.35,2571.35,2570.89,2570.89,0,0,0
2019-12-23 15:37:00+01:00,2570.94,2571.13,2570.94,2571.13,0,0,0
2019-12-23 15:38:00+01:00,2571.0,2571.0,2570.6,2570.6,0,0,0
2019-12-23 15:39:00+01:00,2571.09,2571.09,2571.09,2571.09,0,0,0
2019-12-23 15:40:00+01:00,2571.12,2571.12,2570.92,2570.92,0,0,0
2019-12-23 15:41:00+01:00,2570.8,2571.09,2570.8,2571.09,0,0,0
2019-12-23 15:42:00+01:00,2570.82,2570.82,2570.82,2570.82,0,0,0
2019-12-23 15:43:00+01:00,2570.76,2570.76,2570.64,2570.64,0,0,0
2019-12-23 15:44:00+01:00,2570.54,2570.54,2570.41,2570.41,0,0,0
2019-12-23 15:45:00+01:00,2569.53,2569.53,2569.53,2569.53,0,0,0
2019-12-23 15:46:00+01:00,2569.44,2569.92,2569.44,2569.92,0,0,0
2019-12-23 15:47:00+01:00,2570.13,2570.15,2570.13,2570.15,0,0,0
2019-12-23 15:48:00+01:00,2570.0,2570.11,2570.0,2570.11,0,0,0
2019-12-23 15:49:00+01:00,2570.1,2570.11,2570.1,2570.11,0,0,0
2019-12-23 15:50:00+01:00,2570.09,2570.14,2570.09,2570.14,0,0,0
2019-12-23 15:51:00+01:00,2570.15,2570.15,2570.15,2570.15,0,0,0
2019-12-23 15:52:00+01:00,2570.1,2570.1,2569.92,2569.92,0,0,0
2019-12-23 15:53:00+01:00,2570.4,2570.4,2570.04,2570.04,0,0,0
2019-12-23 15:54:00+01:00,2570.05,2570.05,2570.05,2570.05,0,0,0
2019-12-23 15:55:00+01:00,2569.89,2569.95,2569.89,2569.95,0,0,0
2019-12-23 15:56:00+01:00,2570.07,2570.07,2570.07,2570.07,0,0,0
2019-12-23 15:57:00+01:00,2569.84,2570.06,2569.84,2570.06,0,0,0
2019-12-23 15:58:00+01:00,2570.43,2570.43,2570.43,2570.43,0,0,0
2019-12-23 15:59:00+01:00,2570.22,2570.22,2569.98,2569.98,0,0,0
2019-12-23 16:00:00+01:00,2569.98,2570.36,2569.98,2570.36,0,0,0
2019-12-23 16:01:00+01:00,2570.44,2570.46,2570.44,2570.46,0,0,0
2019-12-23 16:02:00+01:00,2570.48,2570.48,2570.1,2570.1,0,0,0
2019-12-23 16:03:00+01:00,2570.11,2570.11,2569.92,2569.92,0,0,0
2019-12-23 16:04:00+01:00,2570.15,2570.15,2570.0,2570.0,0,0,0
2019-12-23 16:05:00+01:00,2569.84,2569.84,2569.5,2569.5,0,0,0
2019-12-23 16:06:00+01:00,2568.96,2568.96,2568.95,2568.95,0,0,0
2019-12-23 16:07:00+01:00,2568.93,2568.93,2568.67,2568.67,0,0,0
2019-12-23 16:08:00+01:00,2568.74,2568.86,2568.74,2568.86,0,0,0
2019-12-23 16:09:00+01:00,2568.89,2568.89,2568.36,2568.36,0,0,0
2019-12-23 16:10:00+01:00,2568.68,2568.68,2568.68,2568.68,0,0,0
2019-12-23 16:11:00+01:00,2569.3,2569.39,2569.3,2569.39,0,0,0
2019-12-23 16:12:00+01:00,2569.59,2569.59,2569.53,2569.53,0,0,0
2019-12-23 16:13:00+01:00,2569.42,2569.78,2569.42,2569.78,0,0,0
2019-12-23 16:14:00+01:00,2569.84,2569.84,2569.82,2569.82,0,0,0
2019-12-23 16:15:00+01:00,2569.97,2569.97,2569.87,2569.87,0,0,0
2019-12-23 16:16:00+01:00,2570.07,2570.21,2570.07,2570.21,0,0,0
2019-12-23 16:17:00+01:00,2570.01,2570.14,2570.01,2570.14,0,0,0
2019-12-23 16:18:00+01:00,2570.14,2570.54,2570.14,2570.54,0,0,0
2019-12-23 16:19:00+01:00,2570.47,2570.67,2570.47,2570.67,0,0,0
2019-12-23 16:20:00+01:00,2570.64,2570.74,2570.64,2570.74,0,0,0
2019-12-23 16:21:00+01:00,2570.89,2570.92,2570.89,2570.92,0,0,0
2019-12-23 16:22:00+01:00,2570.93,2571.04,2570.93,2571.04,0,0,0
2019-12-23 16:23:00+01:00,2571.05,2571.05,2571.01,2571.01,0,0,0
2019-12-23 16:24:00+01:00,2571.26,2571.26,2571.26,2571.26,0,0,0
2019-12-23 16:25:00+01:00,2571.24,2571.24,2570.96,2570.96,0,0,0
2019-12-23 16:26:00+01:00,2571.41,2571.41,2571.37,2571.37,0,0,0
2019-12-23 16:27:00+01:00,2571.62,2571.68,2571.62,2571.68,0,0,0
2019-12-23 16:28:00+01:00,2571.5,2571.5,2571.38,2571.38,0,0,0
2019-12-23 16:29:00+01:00,2571.35,2571.35,2571.13,2571.13,0,0,0
2019-12-23 16:30:00+01:00,2570.88,2570.88,2570.45,2570.45,0,0,0
2019-12-23 16:31:00+01:00,2570.47,2570.53,2570.47,2570.53,0,0,0
2019-12-23 16:32:00+01:00,2570.37,2570.37,2570.22,2570.22,0,0,0
2019-12-23 16:33:00+01:00,2570.17,2570.17,2569.9,2569.9,0,0,0
2019-12-23 16:34:00+01:00,2570.15,2570.35,2570.15,2570.35,0,0,0
2019-12-23 16:35:00+01:00,2570.28,2570.28,2570.19,2570.19,0,0,0
2019-12-23 16:36:00+01:00,2569.97,2569.97,2569.94,2569.94,0,0,0
2019-12-23 16:37:00+01:00,2570.14,2570.29,2570.14,2570.29,0,0,0
2019-12-23 16:38:00+01:00,2570.31,2570.31,2570.23,2570.23,0,0,0
2019-12-23 16:39:00+01:00,2570.36,2570.36,2570.29,2570.29,0,0,0
2019-12-23 16:40:00+01:00,2570.32,2570.32,2570.23,2570.23,0,0,0
2019-12-23 16:41:00+01:00,2570.09,2570.17,2570.09,2570.17,0,0,0
2019-12-23 16:42:00+01:00,2570.5,2570.5,2570.45,2570.45,0,0,0
2019-12-23 16:43:00+01:00,2570.38,2570.38,2570.38,2570.38,0,0,0
2019-12-23 16:44:00+01:00,2570.25,2570.52,2570.25,2570.52,0,0,0
2019-12-23 16:45:00+01:00,2570.45,2570.45,2570.4,2570.4,0,0,0
2019-12-23 16:46:00+01:00,2570.37,2570.41,2570.37,2570.41,0,0,0
2019-12-23 16:47:00+01:00,2570.45,2570.45,2570.24,2570.24,0,0,0
2019-12-23 16:48:00+01:00,2569.87,2570.15,2569.87,2570.15,0,0,0
2019-12-23 16:49:00+01:00,2569.98,2570.69,2569.98,2570.69,0,0,0
2019-12-23 16:50:00+01:00,2570.64,2570.94,2570.64,2570.94,0,0,0
2019-12-23 16:51:00+01:00,2571.19,2571.31,2571.19,2571.31,0,0,0
2019-12-23 16:53:00+01:00,2571.32,2571.4,2571.32,2571.4,0,0,0
2019-12-23 16:54:00+01:00,2572.35,2572.42,2572.35,2572.42,0,0,0
2019-12-23 16:55:00+01:00,2572.57,2572.57,2571.93,2571.93,0,0,0
2019-12-23 16:56:00+01:00,2571.89,2571.89,2571.68,2571.68,0,0,0
2019-12-23 16:57:00+01:00,2571.96,2571.96,2571.72,2571.72,0,0,0
2019-12-23 16:58:00+01:00,2571.37,2571.43,2571.37,2571.43,0,0,0
2019-12-23 16:59:00+01:00,2571.52,2571.57,2571.52,2571.57,0,0,0
2019-12-23 17:00:00+01:00,2571.57,2571.63,2571.57,2571.63,0,0,0
2019-12-23 17:01:00+01:00,2571.61,2571.66,2571.61,2571.66,0,0,0
2019-12-23 17:02:00+01:00,2571.58,2571.58,2571.5,2571.5,0,0,0
2019-12-23 17:03:00+01:00,2571.4,2571.78,2571.4,2571.78,0,0,0
2019-12-23 17:04:00+01:00,2571.58,2571.58,2571.57,2571.57,0,0,0
2019-12-23 17:05:00+01:00,2571.95,2571.95,2571.92,2571.92,0,0,0
2019-12-23 17:06:00+01:00,2571.59,2571.83,2571.59,2571.83,0,0,0
2019-12-23 17:07:00+01:00,2571.89,2571.89,2571.84,2571.84,0,0,0
2019-12-23 17:08:00+01:00,2572.15,2572.15,2572.15,2572.15,0,0,0
2019-12-23 17:09:00+01:00,2572.24,2572.24,2572.09,2572.09,0,0,0
2019-12-23 17:10:00+01:00,2571.31,2571.31,2571.23,2571.23,0,0,0
2019-12-23 17:11:00+01:00,2571.34,2571.34,2571.09,2571.09,0,0,0
2019-12-23 17:12:00+01:00,2571.03,2571.03,2570.82,2570.82,0,0,0
2019-12-23 17:13:00+01:00,2570.87,2570.87,2570.69,2570.69,0,0,0
2019-12-23 17:14:00+01:00,2570.62,2570.75,2570.62,2570.75,0,0,0
2019-12-23 17:15:00+01:00,2570.75,2570.87,2570.75,2570.87,0,0,0
2019-12-23 17:16:00+01:00,2570.85,2570.85,2570.85,2570.85,0,0,0
2019-12-23 17:18:00+01:00,2570.17,2570.27,2570.17,2570.27,0,0,0
2019-12-23 17:21:00+01:00,2570.14,2570.14,2570.14,2570.14,0,0,0
2019-12-23 17:22:00+01:00,2570.55,2570.84,2570.55,2570.84,0,0,0
2019-12-23 17:23:00+01:00,2570.57,2570.74,2570.57,2570.74,0,0,0
2019-12-23 17:24:00+01:00,2570.81,2570.81,2570.76,2570.76,0,0,0
2019-12-23 17:25:00+01:00,2571.01,2571.15,2571.01,2571.15,0,0,0
2019-12-23 17:26:00+01:00,2570.83,2570.94,2570.83,2570.94,0,0,0
2019-12-23 17:27:00+01:00,2571.02,2571.02,2570.94,2570.94,0,0,0
2019-12-23 17:28:00+01:00,2571.23,2571.27,2571.23,2571.27,0,0,0
2019-12-23 17:29:00+01:00,2571.39,2571.61,2571.39,2571.61,0,0,0
